date,entry_time,entry_price,entry_credit,contracts,exit_reason,pnl
2025-01-08,0.0,590.33,1.0,1,TP (50%),0.5
2025-01-08,0.5,590.67,1.0625,1,TP (50%),0.53125
2025-01-08,1.0,588.15,1.125,1,SL,-0.1125
2025-01-08,1.5,587.94,1.1875,1,Hold: Worthless,1.1875
2025-01-08,2.0,586.14,1.25,1,Hold: Worthless,1.25
2025-01-08,2.5,588.01,1.3125,1,SL,-0.13125
2025-01-08,3.0,588.16,1.375,1,Hold: Worthless,1.375
2025-01-08,3.5,589.01,1.4375,1,SL,-0.14375000000000002
2025-01-10,0.0,587.92,1.0,1,Hold: Worthless,1.0
2025-01-10,0.5,588.5,1.0625,1,Hold: Worthless,1.0625
2025-01-10,1.0,589.27,1.125,2,TP (50%),1.125
2025-01-10,1.5,588.0,1.1875,2,Hold: Worthless,2.375
2025-01-10,2.0,588.78,1.25,2,Hold: Worthless,2.5
2025-01-10,2.5,588.06,1.3125,2,Hold: Worthless,2.625
2025-01-10,3.0,583.94,1.375,2,SL,-0.275
2025-01-10,3.5,585.3,1.4375,2,Hold: Worthless,2.875
2025-01-13,0.0,575.19,1.0,2,Hold: Worthless,2.0
2025-01-13,0.5,575.53,1.0625,2,SL,-0.21250000000000002
2025-01-13,1.0,575.98,1.125,2,Hold: Worthless,2.25
2025-01-13,1.5,575.7,1.1875,2,Hold: Worthless,2.375
2025-01-13,2.0,576.45,1.25,2,TP (50%),1.25
2025-01-13,2.5,576.76,1.3125,2,TP (50%),1.3125
2025-01-13,3.0,576.94,1.375,2,TP (50%),1.375
2025-01-13,3.5,576.05,1.4375,2,Hold: Worthless,2.875
2025-01-14,0.0,584.42,1.0,2,Hold: Worthless,2.0
2025-01-14,0.5,584.13,1.0625,2,SL,-0.21250000000000002
2025-01-14,1.0,583.63,1.125,2,Hold: Worthless,2.25
2025-01-14,1.5,583.01,1.1875,2,SL,-0.23750000000000002
2025-01-14,2.0,582.4827,1.25,2,Hold: Worthless,2.5
2025-01-14,2.5,584.36,1.3125,2,TP (50%),1.3125
2025-01-14,3.0,583.8,1.375,5,TP (50%),3.4375
2025-01-14,3.5,584.43,1.4375,5,SL,-0.7187500000000001
2025-01-15,0.0,582.67,1.0,5,Hold: Worthless,5.0
2025-01-15,0.5,583.15,1.0625,5,Hold: Worthless,5.3125
2025-01-15,1.0,584.22,1.125,5,TP (50%),2.8125
2025-01-15,1.5,584.42,1.1875,5,TP (50%),2.96875
2025-01-15,2.0,584.22,1.25,5,Hold: Worthless,6.25
2025-01-15,2.5,584.46,1.3125,5,Hold: Worthless,6.5625
2025-01-15,3.0,591.06,1.375,5,SL,-0.6875
2025-01-15,3.5,590.29,1.4375,5,TP (50%),3.59375
2025-01-16,0.0,594.23,1.0,5,SL,-0.5
2025-01-16,0.5,594.65,1.0625,5,SL,-0.53125
2025-01-16,1.0,594.33,1.125,5,Hold: Worthless,5.625
2025-01-16,1.5,593.92,1.1875,5,TP (50%),2.96875
2025-01-16,2.0,593.65,1.25,5,TP (50%),3.125
2025-01-16,2.5,592.98,1.3125,5,SL,-0.65625
2025-01-16,3.0,593.15,1.375,5,SL,-0.6875
2025-01-16,3.5,593.69,1.4375,5,TP (50%),3.59375
2025-01-17,0.0,594.0,1.0,5,TP (50%),2.5
2025-01-17,0.5,593.97,1.0625,5,SL,-0.53125
2025-01-17,1.0,594.24,1.125,5,Hold: Worthless,5.625
2025-01-17,1.5,593.86,1.1875,5,Hold: Worthless,5.9375
2025-01-17,2.0,593.92,1.25,5,Hold: Worthless,6.25
2025-01-17,2.5,595.18,1.3125,5,Hold: Worthless,6.5625
2025-01-17,3.0,595.9083,1.375,5,SL,-0.6875
2025-01-17,3.5,596.95,1.4375,5,SL,-0.7187500000000001
2025-01-21,0.0,599.77,1.0,5,SL,-0.5
2025-01-21,0.5,600.57,1.0625,5,Hold: Worthless,5.3125
2025-01-21,1.0,599.27,1.125,5,Hold: Worthless,5.625
2025-01-21,1.5,599.761,1.1875,5,SL,-0.59375
2025-01-21,2.0,599.83,1.25,5,Hold: Worthless,6.25
2025-01-21,2.5,599.82,1.3125,5,Hold: Worthless,6.5625
2025-01-21,3.0,600.63,1.375,5,Hold: Worthless,6.875
2025-01-21,3.5,600.49,1.4375,5,SL,-0.7187500000000001
2025-01-22,0.0,605.74,1.0,5,SL,-0.5
2025-01-22,0.5,605.35,1.0625,5,SL,-0.53125
2025-01-22,1.0,605.65,1.125,5,SL,-0.5625
2025-01-22,1.5,605.44,1.1875,5,TP (50%),2.96875
2025-01-22,2.0,605.44,1.25,5,TP (50%),3.125
2025-01-22,2.5,605.88,1.3125,5,TP (50%),3.28125
2025-01-22,3.0,606.05,1.375,5,Hold: Worthless,6.875
2025-01-22,3.5,605.76,1.4375,5,SL,-0.7187500000000001
2025-01-23,0.0,604.76,1.0,5,SL,-0.5
2025-01-23,0.5,605.35,1.0625,5,Hold: Worthless,5.3125
2025-01-23,1.0,605.66,1.125,5,TP (50%),2.8125
2025-01-23,1.5,605.26,1.1875,10,TP (50%),5.9375
2025-01-23,2.0,605.88,1.25,10,Hold: Worthless,12.5
2025-01-23,2.5,605.86,1.3125,10,SL,-1.3125
2025-01-23,3.0,605.93,1.375,10,SL,-1.375
2025-01-23,3.5,605.69,1.4375,10,TP (50%),7.1875
2025-01-24,0.0,609.48,1.0,10,Hold: Worthless,10.0
2025-01-24,0.5,608.96,1.0625,10,Hold: Worthless,10.625
2025-01-24,1.0,609.17,1.125,10,TP (50%),5.625
2025-01-24,1.5,609.13,1.1875,10,TP (50%),5.9375
2025-01-24,2.0,609.07,1.25,10,TP (50%),6.25
2025-01-24,2.5,608.939,1.3125,10,SL,-1.3125
2025-01-24,3.0,609.74,1.375,10,Hold: Worthless,13.75
2025-01-24,3.5,610.21,1.4375,10,Hold: Worthless,14.375
2025-01-27,0.0,596.02,1.0,10,TP (50%),5.0
2025-01-27,0.5,595.3,1.0625,10,TP (50%),5.3125
2025-01-27,1.0,593.42,1.125,10,TP (50%),5.625
2025-01-27,1.5,592.79,1.1875,10,Hold: Worthless,11.875
2025-01-27,2.0,593.49,1.25,10,SL,-1.25
2025-01-27,2.5,593.5,1.3125,10,Hold: Worthless,13.125
2025-01-27,3.0,594.41,1.375,10,SL,-1.375
2025-01-27,3.5,595.15,1.4375,10,SL,-1.4375000000000002
2025-01-28,0.0,601.01,1.0,10,Hold: Worthless,10.0
2025-01-28,0.5,602.01,1.0625,10,TP (50%),5.3125
2025-01-28,1.0,601.49,1.125,10,TP (50%),5.625
2025-01-28,1.5,600.31,1.1875,10,SL,-1.1875
2025-01-28,2.0,600.12,1.25,10,SL,-1.25
2025-01-28,2.5,600.839,1.3125,10,SL,-1.3125
2025-01-28,3.0,600.15,1.375,10,SL,-1.375
2025-01-28,3.5,600.02,1.4375,10,SL,-1.4375000000000002
2025-01-29,0.0,604.85,1.0,10,Hold: Worthless,10.0
2025-01-29,0.5,605.2,1.0625,10,Hold: Worthless,10.625
2025-01-29,1.0,605.22,1.125,10,Hold: Worthless,11.25
2025-01-29,1.5,604.65,1.1875,10,SL,-1.1875
2025-01-29,2.0,603.4,1.25,10,TP (50%),6.25
2025-01-29,2.5,603.17,1.3125,10,TP (50%),6.5625
2025-01-29,3.0,603.87,1.375,10,SL,-1.375
2025-01-29,3.5,602.795,1.4375,10,SL,-1.4375000000000002
2025-01-30,0.0,604.58,1.0,10,SL,-1.0
2025-01-30,0.5,604.16,1.0625,10,Hold: Worthless,10.625
2025-01-30,1.0,603.6,1.125,10,TP (50%),5.625
2025-01-30,1.5,602.88,1.1875,10,TP (50%),5.9375
2025-01-30,2.0,603.52,1.25,10,TP (50%),6.25
2025-01-30,2.5,602.98,1.3125,10,SL,-1.3125
2025-01-30,3.0,603.76,1.375,10,TP (50%),6.875
2025-01-30,3.5,604.43,1.4375,10,SL,-1.4375000000000002
2025-01-31,0.0,608.06,1.0,10,Hold: Worthless,10.0
2025-01-31,0.5,607.87,1.0625,10,TP (50%),5.3125
2025-01-31,1.0,608.03,1.125,10,TP (50%),5.625
2025-01-31,1.5,607.6799,1.1875,10,TP (50%),5.9375
2025-01-31,2.0,607.51,1.25,10,Hold: Worthless,12.5
2025-01-31,2.5,607.35,1.3125,10,TP (50%),6.5625
2025-01-31,3.0,607.62,1.375,10,SL,-1.375
2025-01-31,3.5,608.37,1.4375,10,Hold: Worthless,14.375
2025-02-03,0.0,593.07,1.0,10,TP (50%),5.0
2025-02-03,0.5,592.51,1.0625,10,Hold: Worthless,10.625
2025-02-03,1.0,593.48,1.125,10,SL,-1.125
2025-02-03,1.5,593.89,1.1875,10,SL,-1.1875
2025-02-03,2.0,593.291,1.25,10,SL,-1.25
2025-02-03,2.5,592.34,1.3125,10,TP (50%),6.5625
2025-02-03,3.0,592.14,1.375,10,TP (50%),6.875
2025-02-03,3.5,593.0,1.4375,10,Hold: Worthless,14.375
2025-02-04,0.0,596.63,1.0,10,TP (50%),5.0
2025-02-04,0.5,596.64,1.0625,10,Hold: Worthless,10.625
2025-02-04,1.0,596.85,1.125,10,SL,-1.125
2025-02-04,1.5,597.23,1.1875,10,SL,-1.1875
2025-02-04,2.0,597.94,1.25,10,SL,-1.25
2025-02-04,2.5,598.19,1.3125,10,Hold: Worthless,13.125
2025-02-04,3.0,598.0,1.375,10,SL,-1.375
2025-02-04,3.5,598.1,1.4375,10,SL,-1.4375000000000002
2025-02-05,0.0,598.34,1.0,10,Hold: Worthless,10.0
2025-02-05,0.5,598.53,1.0625,10,Hold: Worthless,10.625
2025-02-05,1.0,599.12,1.125,10,Hold: Worthless,11.25
2025-02-05,1.5,599.05,1.1875,10,TP (50%),5.9375
2025-02-05,2.0,599.5,1.25,10,SL,-1.25
2025-02-05,2.5,599.56,1.3125,10,TP (50%),6.5625
2025-02-05,3.0,600.3,1.375,10,SL,-1.375
2025-02-05,3.5,600.95,1.4375,10,SL,-1.4375000000000002
2025-02-06,0.0,605.63,1.0,10,TP (50%),5.0
2025-02-06,0.5,605.21,1.0625,10,Hold: Worthless,10.625
2025-02-06,1.0,604.58,1.125,10,TP (50%),5.625
2025-02-06,1.5,604.771,1.1875,10,SL,-1.1875
2025-02-06,2.0,605.44,1.25,10,SL,-1.25
2025-02-06,2.5,605.1007,1.3125,10,SL,-1.3125
2025-02-06,3.0,605.79,1.375,10,TP (50%),6.875
2025-02-06,3.5,605.96,1.4375,10,TP (50%),7.1875
2025-02-07,0.0,606.0,1.0,10,TP (50%),5.0
2025-02-07,0.5,606.69,1.0625,10,SL,-1.0625
2025-02-07,1.0,606.4,1.125,10,TP (50%),5.625
2025-02-07,1.5,606.13,1.1875,10,TP (50%),5.9375
2025-02-07,2.0,606.05,1.25,10,SL,-1.25
2025-02-07,2.5,606.82,1.3125,10,TP (50%),6.5625
2025-02-07,3.0,607.93,1.375,10,Hold: Worthless,13.75
2025-02-07,3.5,604.8051,1.4375,10,TP (50%),7.1875
2025-02-10,0.0,603.1,1.0,10,TP (50%),5.0
2025-02-10,0.5,603.33,1.0625,10,TP (50%),5.3125
2025-02-10,1.0,603.44,1.125,10,TP (50%),5.625
2025-02-10,1.5,603.7404,1.1875,10,TP (50%),5.9375
2025-02-10,2.0,604.31,1.25,10,TP (50%),6.25
2025-02-10,2.5,604.5297,1.3125,10,SL,-1.3125
2025-02-10,3.0,603.99,1.375,10,SL,-1.375
2025-02-10,3.5,603.86,1.4375,10,SL,-1.4375000000000002
2025-02-11,0.0,603.06,1.0,10,SL,-1.0
2025-02-11,0.5,603.1,1.0625,10,SL,-1.0625
2025-02-11,1.0,603.12,1.125,10,SL,-1.125
2025-02-11,1.5,603.12,1.1875,10,Hold: Worthless,11.875
2025-02-11,2.0,603.1,1.25,10,Hold: Worthless,12.5
2025-02-11,2.5,602.9,1.3125,10,SL,-1.3125
2025-02-11,3.0,602.36,1.375,10,Hold: Worthless,13.75
2025-02-11,3.5,603.27,1.4375,10,Hold: Worthless,14.375
2025-02-12,0.0,604.18,1.0,10,TP (50%),5.0
2025-02-12,0.5,604.45,1.0625,10,TP (50%),5.3125
2025-02-12,1.0,604.83,1.125,10,TP (50%),5.625
2025-02-12,1.5,605.13,1.1875,10,SL,-1.1875
2025-02-12,2.0,605.28,1.25,10,SL,-1.25
2025-02-12,2.5,599.53,1.3125,10,TP (50%),6.5625
2025-02-12,3.0,599.37,1.375,10,TP (50%),6.875
2025-02-12,3.5,601.2598,1.4375,10,SL,-1.4375000000000002
2025-02-13,0.0,603.02,1.0,10,SL,-1.0
2025-02-13,0.5,603.23,1.0625,10,SL,-1.0625
2025-02-13,1.0,603.17,1.125,10,TP (50%),5.625
2025-02-13,1.5,603.0,1.1875,10,TP (50%),5.9375
2025-02-13,2.0,603.14,1.25,10,Hold: Worthless,12.5
2025-02-13,2.5,604.1,1.3125,10,TP (50%),6.5625
2025-02-13,3.0,604.61,1.375,10,SL,-1.375
2025-02-13,3.5,604.36,1.4375,10,Hold: Worthless,14.375
2025-02-14,0.0,610.5,1.0,10,Hold: Worthless,10.0
2025-02-14,0.5,609.46,1.0625,10,TP (50%),5.3125
2025-02-14,1.0,608.95,1.125,10,SL,-1.125
2025-02-14,1.5,609.17,1.1875,10,SL,-1.1875
2025-02-14,2.0,609.4493,1.25,10,SL,-1.25
2025-02-14,2.5,609.6,1.3125,10,SL,-1.3125
2025-02-14,3.0,609.95,1.375,10,TP (50%),6.875
2025-02-14,3.5,610.45,1.4375,10,SL,-1.4375000000000002
2025-02-18,0.0,611.51,1.0,10,TP (50%),5.0
2025-02-18,0.5,611.84,1.0625,10,TP (50%),5.3125
2025-02-18,1.0,612.0,1.125,10,SL,-1.125
2025-02-18,1.5,611.85,1.1875,10,Hold: Worthless,11.875
2025-02-18,2.0,612.22,1.25,10,SL,-1.25
2025-02-18,2.5,611.8493,1.3125,10,Hold: Worthless,13.125
2025-02-18,3.0,610.4199,1.375,10,TP (50%),6.875
2025-02-18,3.5,609.81,1.4375,10,Hold: Worthless,14.375
2025-02-19,0.0,611.94,1.0,10,TP (50%),5.0
2025-02-19,0.5,610.73,1.0625,10,Hold: Worthless,10.625
2025-02-19,1.0,610.34,1.125,10,Hold: Worthless,11.25
2025-02-19,1.5,610.98,1.1875,10,TP (50%),5.9375
2025-02-19,2.0,610.49,1.25,10,Hold: Worthless,12.5
2025-02-19,2.5,610.1496,1.3125,10,SL,-1.3125
2025-02-19,3.0,609.87,1.375,10,TP (50%),6.875
2025-02-19,3.5,610.08,1.4375,10,SL,-1.4375000000000002
2025-02-20,0.0,611.76,1.0,10,SL,-1.0
2025-02-20,0.5,611.76,1.0625,10,TP (50%),5.3125
2025-02-20,1.0,611.1,1.125,10,Hold: Worthless,11.25
2025-02-20,1.5,611.4,1.1875,10,TP (50%),5.9375
2025-02-20,2.0,611.18,1.25,10,Hold: Worthless,12.5
2025-02-20,2.5,611.5,1.3125,10,TP (50%),6.5625
2025-02-20,3.0,611.2493,1.375,10,Hold: Worthless,13.75
2025-02-20,3.5,608.16,1.4375,10,SL,-1.4375000000000002
2025-02-21,0.0,610.69,1.0,10,SL,-1.0
2025-02-21,0.5,610.77,1.0625,10,Hold: Worthless,10.625
2025-02-21,1.0,610.95,1.125,10,TP (50%),5.625
2025-02-21,1.5,610.79,1.1875,10,TP (50%),5.9375
2025-02-21,2.0,610.97,1.25,10,TP (50%),6.25
2025-02-21,2.5,610.99,1.3125,10,TP (50%),6.5625
2025-02-21,3.0,609.23,1.375,10,Hold: Worthless,13.75
2025-02-21,3.5,607.9733,1.4375,10,Hold: Worthless,14.375
2025-02-24,0.0,603.68,1.0,10,TP (50%),5.0
2025-02-24,0.5,602.98,1.0625,10,SL,-1.0625
2025-02-24,1.0,603.15,1.125,10,Hold: Worthless,11.25
2025-02-24,1.5,603.14,1.1875,10,TP (50%),5.9375
2025-02-24,2.0,602.98,1.25,10,TP (50%),6.25
2025-02-24,2.5,603.0204,1.3125,10,TP (50%),6.5625
2025-02-24,3.0,602.86,1.375,10,TP (50%),6.875
2025-02-24,3.5,602.85,1.4375,10,SL,-1.4375000000000002
2025-02-25,0.0,596.46,1.0,10,Hold: Worthless,10.0
2025-02-25,0.5,596.0,1.0625,10,TP (50%),5.3125
2025-02-25,1.0,595.45,1.125,10,SL,-1.125
2025-02-25,1.5,596.79,1.1875,10,Hold: Worthless,11.875
2025-02-25,2.0,596.9,1.25,10,SL,-1.25
2025-02-25,2.5,597.75,1.3125,10,SL,-1.3125
2025-02-25,3.0,597.63,1.375,10,SL,-1.375
2025-02-25,3.5,597.23,1.4375,10,TP (50%),7.1875
2025-02-26,0.0,597.1,1.0,10,Hold: Worthless,10.0
2025-02-26,0.5,597.07,1.0625,10,SL,-1.0625
2025-02-26,1.0,596.9,1.125,10,SL,-1.125
2025-02-26,1.5,597.1,1.1875,10,SL,-1.1875
2025-02-26,2.0,596.99,1.25,10,SL,-1.25
2025-02-26,2.5,597.4085,1.3125,10,SL,-1.3125
2025-02-26,3.0,596.66,1.375,10,TP (50%),6.875
2025-02-26,3.5,595.68,1.4375,10,TP (50%),7.1875
2025-02-27,0.0,597.79,1.0,10,SL,-1.0
2025-02-27,0.5,597.8,1.0625,10,TP (50%),5.3125
2025-02-27,1.0,598.11,1.125,10,SL,-1.125
2025-02-27,1.5,598.4,1.1875,10,TP (50%),5.9375
2025-02-27,2.0,598.2,1.25,10,SL,-1.25
2025-02-27,2.5,598.09,1.3125,10,SL,-1.3125
2025-02-27,3.0,597.4,1.375,10,SL,-1.375
2025-02-27,3.5,597.02,1.4375,10,SL,-1.4375000000000002
2025-02-28,0.0,587.13,1.0,10,Hold: Worthless,10.0
2025-02-28,0.5,587.0,1.0625,10,SL,-1.0625
2025-02-28,1.0,587.24,1.125,10,Hold: Worthless,11.25
2025-02-28,1.5,587.23,1.1875,10,SL,-1.1875
2025-02-28,2.0,586.47,1.25,10,Hold: Worthless,12.5
2025-02-28,2.5,586.8,1.3125,10,SL,-1.3125
2025-02-28,3.0,587.0785,1.375,10,Hold: Worthless,13.75
2025-02-28,3.5,586.0,1.4375,10,SL,-1.4375000000000002
2025-03-03,0.0,594.92,1.0,10,SL,-1.0
2025-03-03,0.5,595.58,1.0625,10,SL,-1.0625
2025-03-03,1.0,596.0,1.125,10,SL,-1.125
2025-03-03,1.5,596.45,1.1875,10,Hold: Worthless,11.875
2025-03-03,2.0,597.18,1.25,10,TP (50%),6.25
2025-03-03,2.5,596.86,1.3125,10,Hold: Worthless,13.125
2025-03-03,3.0,596.25,1.375,10,SL,-1.375
2025-03-03,3.5,596.1,1.4375,10,TP (50%),7.1875
2025-03-04,0.0,584.58,1.0,10,SL,-1.0
2025-03-04,0.5,584.12,1.0625,10,TP (50%),5.3125
2025-03-04,1.0,583.79,1.125,10,Hold: Worthless,11.25
2025-03-04,1.5,583.75,1.1875,10,SL,-1.1875
2025-03-04,2.0,580.71,1.25,10,SL,-1.25
2025-03-04,2.5,580.42,1.3125,10,TP (50%),6.5625
2025-03-04,3.0,579.65,1.375,10,SL,-1.375
2025-03-04,3.5,580.17,1.4375,10,Hold: Worthless,14.375
2025-03-05,0.0,581.62,1.0,10,TP (50%),5.0
2025-03-05,0.5,581.6,1.0625,10,SL,-1.0625
2025-03-05,1.0,580.95,1.125,10,Hold: Worthless,11.25
2025-03-05,1.5,580.11,1.1875,10,SL,-1.1875
2025-03-05,2.0,578.75,1.25,10,Hold: Worthless,12.5
2025-03-05,2.5,578.88,1.3125,10,SL,-1.3125
2025-03-05,3.0,578.26,1.375,10,TP (50%),6.875
2025-03-05,3.5,577.4,1.4375,10,Hold: Worthless,14.375
2025-03-06,0.0,577.08,1.0,10,Hold: Worthless,10.0
2025-03-06,0.5,577.2,1.0625,10,TP (50%),5.3125
2025-03-06,1.0,576.21,1.125,10,TP (50%),5.625
2025-03-06,1.5,576.63,1.1875,10,TP (50%),5.9375
2025-03-06,2.0,577.48,1.25,10,TP (50%),6.25
2025-03-06,2.5,576.68,1.3125,10,TP (50%),6.5625
2025-03-06,3.0,575.79,1.375,10,TP (50%),6.875
2025-03-06,3.5,576.8,1.4375,10,Hold: Worthless,14.375
2025-03-07,0.0,575.32,1.0,10,TP (50%),5.0
2025-03-07,0.5,574.64,1.0625,10,SL,-1.0625
2025-03-07,1.0,574.56,1.125,10,Hold: Worthless,11.25
2025-03-07,1.5,574.34,1.1875,10,SL,-1.1875
2025-03-07,2.0,572.91,1.25,10,TP (50%),6.25
2025-03-07,2.5,572.91,1.3125,10,TP (50%),6.5625
2025-03-07,3.0,574.2,1.375,10,Hold: Worthless,13.75
2025-03-07,3.5,571.25,1.4375,10,SL,-1.4375000000000002
2025-03-10,0.0,570.56,1.0,10,TP (50%),5.0
2025-03-10,0.5,569.99,1.0625,10,SL,-1.0625
2025-03-10,1.0,569.46,1.125,10,SL,-1.125
2025-03-10,1.5,570.45,1.1875,10,Hold: Worthless,11.875
2025-03-10,2.0,569.21,1.25,10,SL,-1.25
2025-03-10,2.5,568.76,1.3125,10,TP (50%),6.5625
2025-03-10,3.0,568.12,1.375,10,SL,-1.375
2025-03-10,3.5,567.92,1.4375,10,TP (50%),7.1875
2025-03-11,0.0,562.7,1.0,10,Hold: Worthless,10.0
2025-03-11,0.5,562.37,1.0625,10,Hold: Worthless,10.625
2025-03-11,1.0,562.3,1.125,10,SL,-1.125
2025-03-11,1.5,562.3,1.1875,10,TP (50%),5.9375
2025-03-11,2.0,563.14,1.25,10,Hold: Worthless,12.5
2025-03-11,2.5,562.23,1.3125,10,Hold: Worthless,13.125
2025-03-11,3.0,560.73,1.375,10,SL,-1.375
2025-03-11,3.5,560.2,1.4375,10,Hold: Worthless,14.375
2025-03-12,0.0,559.81,1.0,10,SL,-1.0
2025-03-12,0.5,559.4,1.0625,10,SL,-1.0625
2025-03-12,1.0,560.4,1.125,10,Hold: Worthless,11.25
2025-03-12,1.5,561.08,1.1875,10,TP (50%),5.9375
2025-03-12,2.0,560.35,1.25,10,Hold: Worthless,12.5
2025-03-12,2.5,561.89,1.3125,10,TP (50%),6.5625
2025-03-12,3.0,562.7,1.375,10,SL,-1.375
2025-03-12,3.5,562.22,1.4375,10,Hold: Worthless,14.375
2025-03-13,0.0,557.89,1.0,10,Hold: Worthless,10.0
2025-03-13,0.5,559.0,1.0625,10,Hold: Worthless,10.625
2025-03-13,1.0,559.55,1.125,10,SL,-1.125
2025-03-13,1.5,558.86,1.1875,10,Hold: Worthless,11.875
2025-03-13,2.0,556.9,1.25,10,TP (50%),6.25
2025-03-13,2.5,556.85,1.3125,10,TP (50%),6.5625
2025-03-13,3.0,557.52,1.375,10,TP (50%),6.875
2025-03-13,3.5,558.4,1.4375,10,TP (50%),7.1875
2025-03-14,0.0,555.94,1.0,10,TP (50%),5.0
2025-03-14,0.5,555.56,1.0625,10,SL,-1.0625
2025-03-14,1.0,556.2,1.125,10,SL,-1.125
2025-03-14,1.5,555.88,1.1875,10,TP (50%),5.9375
2025-03-14,2.0,556.6204,1.25,10,SL,-1.25
2025-03-14,2.5,557.63,1.3125,10,SL,-1.3125
2025-03-14,3.0,556.92,1.375,10,Hold: Worthless,13.75
2025-03-14,3.5,556.065,1.4375,10,Hold: Worthless,14.375
2025-03-17,0.0,560.67,1.0,10,SL,-1.0
2025-03-17,0.5,560.97,1.0625,10,Hold: Worthless,10.625
2025-03-17,1.0,562.4,1.125,10,TP (50%),5.625
2025-03-17,1.5,562.26,1.1875,10,TP (50%),5.9375
2025-03-17,2.0,561.3299,1.25,10,Hold: Worthless,12.5
2025-03-17,2.5,563.52,1.3125,10,TP (50%),6.5625
2025-03-17,3.0,563.16,1.375,10,TP (50%),6.875
2025-03-17,3.5,565.8239,1.4375,10,TP (50%),7.1875
2025-03-18,0.0,567.08,1.0,10,SL,-1.0
2025-03-18,0.5,565.37,1.0625,10,TP (50%),5.3125
2025-03-18,1.0,565.83,1.125,10,SL,-1.125
2025-03-18,1.5,565.48,1.1875,10,Hold: Worthless,11.875
2025-03-18,2.0,565.36,1.25,10,TP (50%),6.25
2025-03-18,2.5,565.56,1.3125,10,Hold: Worthless,13.125
2025-03-18,3.0,564.9,1.375,10,Hold: Worthless,13.75
2025-03-18,3.5,561.45,1.4375,10,Hold: Worthless,14.375
2025-03-19,0.0,561.99,1.0,10,SL,-1.0
2025-03-19,0.5,562.67,1.0625,10,Hold: Worthless,10.625
2025-03-19,1.0,562.5,1.125,10,TP (50%),5.625
2025-03-19,1.5,562.2,1.1875,10,SL,-1.1875
2025-03-19,2.0,562.0,1.25,10,Hold: Worthless,12.5
2025-03-19,2.5,562.24,1.3125,10,Hold: Worthless,13.125
2025-03-19,3.0,562.45,1.375,10,SL,-1.375
2025-03-19,3.5,564.9301,1.4375,10,SL,-1.4375000000000002
2025-03-20,0.0,568.08,1.0,10,Hold: Worthless,10.0
2025-03-20,0.5,566.4,1.0625,10,Hold: Worthless,10.625
2025-03-20,1.0,563.08,1.125,10,TP (50%),5.625
2025-03-20,1.5,564.3,1.1875,10,Hold: Worthless,11.875
2025-03-20,2.0,564.78,1.25,10,TP (50%),6.25
2025-03-20,2.5,565.13,1.3125,10,TP (50%),6.5625
2025-03-20,3.0,564.9,1.375,10,SL,-1.375
2025-03-20,3.5,563.67,1.4375,10,SL,-1.4375000000000002
2025-03-21,0.0,561.9,1.0,10,SL,-1.0
2025-03-21,0.5,562.96,1.0625,10,SL,-1.0625
2025-03-21,1.0,562.39,1.125,10,TP (50%),5.625
2025-03-21,1.5,562.74,1.1875,10,Hold: Worthless,11.875
2025-03-21,2.0,562.7,1.25,10,TP (50%),6.25
2025-03-21,2.5,561.8707,1.3125,10,SL,-1.3125
2025-03-21,3.0,559.07,1.375,10,Hold: Worthless,13.75
2025-03-21,3.5,558.85,1.4375,10,SL,-1.4375000000000002
2025-03-24,0.0,569.78,1.0,10,TP (50%),5.0
2025-03-24,0.5,570.28,1.0625,10,Hold: Worthless,10.625
2025-03-24,1.0,570.69,1.125,10,TP (50%),5.625
2025-03-24,1.5,570.75,1.1875,10,SL,-1.1875
2025-03-24,2.0,571.01,1.25,10,TP (50%),6.25
2025-03-24,2.5,571.1601,1.3125,10,Hold: Worthless,13.125
2025-03-24,3.0,571.3,1.375,10,Hold: Worthless,13.75
2025-03-24,3.5,570.88,1.4375,10,SL,-1.4375000000000002
2025-03-25,0.0,573.29,1.0,10,SL,-1.0
2025-03-25,0.5,574.07,1.0625,10,TP (50%),5.3125
2025-03-25,1.0,574.42,1.125,10,Hold: Worthless,11.25
2025-03-25,1.5,575.02,1.1875,10,SL,-1.1875
2025-03-25,2.0,575.55,1.25,10,SL,-1.25
2025-03-25,2.5,575.78,1.3125,10,Hold: Worthless,13.125
2025-03-25,3.0,575.77,1.375,10,TP (50%),6.875
2025-03-25,3.5,574.78,1.4375,10,Hold: Worthless,14.375
2025-03-26,0.0,574.71,1.0,10,SL,-1.0
2025-03-26,0.5,574.74,1.0625,10,SL,-1.0625
2025-03-26,1.0,575.13,1.125,10,SL,-1.125
2025-03-26,1.5,575.69,1.1875,10,Hold: Worthless,11.875
2025-03-26,2.0,575.42,1.25,10,Hold: Worthless,12.5
2025-03-26,2.5,575.74,1.3125,10,TP (50%),6.5625
2025-03-26,3.0,575.375,1.375,10,SL,-1.375
2025-03-26,3.5,573.825,1.4375,10,TP (50%),7.1875
2025-03-27,0.0,569.4,1.0,10,TP (50%),5.0
2025-03-27,0.5,569.35,1.0625,10,TP (50%),5.3125
2025-03-27,1.0,568.28,1.125,10,SL,-1.125
2025-03-27,1.5,567.65,1.1875,10,Hold: Worthless,11.875
2025-03-27,2.0,568.38,1.25,10,SL,-1.25
2025-03-27,2.5,568.38,1.3125,10,SL,-1.3125
2025-03-27,3.0,568.0206,1.375,10,TP (50%),6.875
2025-03-27,3.5,566.02,1.4375,10,SL,-1.4375000000000002
2025-03-28,0.0,565.7,1.0,10,SL,-1.0
2025-03-28,0.5,566.97,1.0625,10,TP (50%),5.3125
2025-03-28,1.0,566.57,1.125,10,SL,-1.125
2025-03-28,1.5,566.4588,1.1875,10,SL,-1.1875
2025-03-28,2.0,565.43,1.25,10,Hold: Worthless,12.5
2025-03-28,2.5,564.4898,1.3125,10,Hold: Worthless,13.125
2025-03-28,3.0,564.51,1.375,10,TP (50%),6.875
2025-03-28,3.5,563.73,1.4375,10,TP (50%),7.1875
2025-03-31,0.0,550.99,1.0,10,SL,-1.0
2025-03-31,0.5,550.44,1.0625,10,Hold: Worthless,10.625
2025-03-31,1.0,551.06,1.125,10,Hold: Worthless,11.25
2025-03-31,1.5,550.02,1.1875,10,Hold: Worthless,11.875
2025-03-31,2.0,549.67,1.25,10,SL,-1.25
2025-03-31,2.5,549.3,1.3125,10,Hold: Worthless,13.125
2025-03-31,3.0,550.68,1.375,10,Hold: Worthless,13.75
2025-03-31,3.5,550.24,1.4375,10,Hold: Worthless,14.375
2025-04-01,0.0,559.25,1.0,10,SL,-1.0
2025-04-01,0.5,557.73,1.0625,10,Hold: Worthless,10.625
2025-04-01,1.0,557.43,1.125,10,Hold: Worthless,11.25
2025-04-01,1.5,556.83,1.1875,10,TP (50%),5.9375
2025-04-01,2.0,556.36,1.25,10,TP (50%),6.25
2025-04-01,2.5,556.39,1.3125,10,Hold: Worthless,13.125
2025-04-01,3.0,556.54,1.375,10,SL,-1.375
2025-04-01,3.5,557.77,1.4375,10,TP (50%),7.1875
2025-04-02,0.0,559.09,1.0,10,TP (50%),5.0
2025-04-02,0.5,558.48,1.0625,10,Hold: Worthless,10.625
2025-04-02,1.0,558.07,1.125,10,TP (50%),5.625
2025-04-02,1.5,557.82,1.1875,10,Hold: Worthless,11.875
2025-04-02,2.0,556.2599,1.25,10,SL,-1.25
2025-04-02,2.5,555.45,1.3125,10,Hold: Worthless,13.125
2025-04-02,3.0,556.1,1.375,10,Hold: Worthless,13.75
2025-04-02,3.5,558.335,1.4375,10,TP (50%),7.1875
2025-04-03,0.0,547.27,1.0,10,TP (50%),5.0
2025-04-03,0.5,546.31,1.0625,10,SL,-1.0625
2025-04-03,1.0,545.61,1.125,10,Hold: Worthless,11.25
2025-04-03,1.5,545.33,1.1875,10,Hold: Worthless,11.875
2025-04-03,2.0,544.89,1.25,10,SL,-1.25
2025-04-03,2.5,545.96,1.3125,10,Hold: Worthless,13.125
2025-04-03,3.0,545.6819,1.375,10,SL,-1.375
2025-04-03,3.5,543.31,1.4375,10,SL,-1.4375000000000002
2025-04-04,0.0,532.66,1.0,10,SL,-1.0
2025-04-04,0.5,533.88,1.0625,10,Hold: Worthless,10.625
2025-04-04,1.0,525.73,1.125,10,Hold: Worthless,11.25
2025-04-04,1.5,523.33,1.1875,10,SL,-1.1875
2025-04-04,2.0,517.24,1.25,10,SL,-1.25
2025-04-04,2.5,522.6,1.3125,10,TP (50%),6.5625
2025-04-04,3.0,523.63,1.375,10,SL,-1.375
2025-04-04,3.5,525.5,1.4375,10,TP (50%),7.1875
2025-04-07,0.0,487.23,1.0,10,Hold: Worthless,10.0
2025-04-07,0.5,488.52,1.0625,10,TP (50%),5.3125
2025-04-07,1.0,492.88,1.125,10,TP (50%),5.625
2025-04-07,1.5,494.16,1.1875,10,TP (50%),5.9375
2025-04-07,2.0,496.2,1.25,10,Hold: Worthless,12.5
2025-04-07,2.5,495.26,1.3125,10,SL,-1.3125
2025-04-07,3.0,497.45,1.375,10,SL,-1.375
2025-04-07,3.5,494.27,1.4375,10,SL,-1.4375000000000002
2025-04-08,0.0,511.9,1.0,10,TP (50%),5.0
2025-04-08,0.5,510.17,1.0625,10,SL,-1.0625
2025-04-08,1.0,511.21,1.125,10,TP (50%),5.625
2025-04-08,1.5,512.29,1.1875,10,TP (50%),5.9375
2025-04-08,2.0,514.5,1.25,10,TP (50%),6.25
2025-04-08,2.5,517.2,1.3125,10,SL,-1.3125
2025-04-08,3.0,517.38,1.375,10,Hold: Worthless,13.75
2025-04-08,3.5,517.85,1.4375,10,SL,-1.4375000000000002
2025-04-09,0.0,497.99,1.0,10,Hold: Worthless,10.0
2025-04-09,0.5,496.0,1.0625,10,SL,-1.0625
2025-04-09,1.0,492.76,1.125,10,SL,-1.125
2025-04-09,1.5,488.5,1.1875,10,SL,-1.1875
2025-04-09,2.0,488.69,1.25,10,TP (50%),6.25
2025-04-09,2.5,498.5,1.3125,10,TP (50%),6.5625
2025-04-09,3.0,487.25,1.375,10,TP (50%),6.875
2025-04-09,3.5,492.99,1.4375,10,SL,-1.4375000000000002
2025-04-10,0.0,532.2,1.0,10,Hold: Worthless,10.0
2025-04-10,0.5,532.78,1.0625,10,Hold: Worthless,10.625
2025-04-10,1.0,536.47,1.125,10,SL,-1.125
2025-04-10,1.5,535.06,1.1875,10,TP (50%),5.9375
2025-04-10,2.0,533.96,1.25,10,SL,-1.25
2025-04-10,2.5,534.74,1.3125,10,SL,-1.3125
2025-04-10,3.0,536.42,1.375,10,TP (50%),6.875
2025-04-10,3.5,533.518,1.4375,10,TP (50%),7.1875
2025-04-11,0.0,523.4,1.0,10,TP (50%),5.0
2025-04-11,0.5,528.06,1.0625,10,TP (50%),5.3125
2025-04-11,1.0,529.83,1.125,10,SL,-1.125
2025-04-11,1.5,528.76,1.1875,10,SL,-1.1875
2025-04-11,2.0,526.2,1.25,10,Hold: Worthless,12.5
2025-04-11,2.5,526.96,1.3125,10,Hold: Worthless,13.125
2025-04-11,3.0,527.57,1.375,10,SL,-1.375
2025-04-11,3.5,525.82,1.4375,10,SL,-1.4375000000000002
2025-04-14,0.0,540.34,1.0,10,TP (50%),5.0
2025-04-14,0.5,540.58,1.0625,10,SL,-1.0625
2025-04-14,1.0,541.0,1.125,10,Hold: Worthless,11.25
2025-04-14,1.5,542.24,1.1875,10,TP (50%),5.9375
2025-04-14,2.0,541.77,1.25,10,Hold: Worthless,12.5
2025-04-14,2.5,541.31,1.3125,10,SL,-1.3125
2025-04-14,3.0,542.3,1.375,10,TP (50%),6.875
2025-04-14,3.5,543.58,1.4375,10,SL,-1.4375000000000002
2025-04-15,0.0,540.58,1.0,10,SL,-1.0
2025-04-15,0.5,540.01,1.0625,10,TP (50%),5.3125
2025-04-15,1.0,539.12,1.125,10,Hold: Worthless,11.25
2025-04-15,1.5,539.38,1.1875,10,Hold: Worthless,11.875
2025-04-15,2.0,536.97,1.25,10,Hold: Worthless,12.5
2025-04-15,2.5,536.7,1.3125,10,SL,-1.3125
2025-04-15,3.0,537.6799,1.375,10,TP (50%),6.875
2025-04-15,3.5,538.84,1.4375,10,Hold: Worthless,14.375
2025-04-16,0.0,534.74,1.0,10,SL,-1.0
2025-04-16,0.5,534.38,1.0625,10,Hold: Worthless,10.625
2025-04-16,1.0,533.42,1.125,10,Hold: Worthless,11.25
2025-04-16,1.5,533.43,1.1875,10,SL,-1.1875
2025-04-16,2.0,534.3,1.25,10,SL,-1.25
2025-04-16,2.5,533.77,1.3125,10,TP (50%),6.5625
2025-04-16,3.0,532.7,1.375,10,TP (50%),6.875
2025-04-16,3.5,531.52,1.4375,10,SL,-1.4375000000000002
2025-04-17,0.0,530.82,1.0,10,TP (50%),5.0
2025-04-17,0.5,529.19,1.0625,10,SL,-1.0625
2025-04-17,1.0,528.33,1.125,10,SL,-1.125
2025-04-17,1.5,528.04,1.1875,10,SL,-1.1875
2025-04-17,2.0,527.63,1.25,10,Hold: Worthless,12.5
2025-04-17,2.5,528.39,1.3125,10,SL,-1.3125
2025-04-17,3.0,528.54,1.375,10,Hold: Worthless,13.75
2025-04-17,3.5,527.53,1.4375,10,Hold: Worthless,14.375
2025-04-21,0.0,520.88,1.0,10,Hold: Worthless,10.0
2025-04-21,0.5,520.99,1.0625,10,TP (50%),5.3125
2025-04-21,1.0,521.15,1.125,10,Hold: Worthless,11.25
2025-04-21,1.5,519.41,1.1875,10,Hold: Worthless,11.875
2025-04-21,2.0,520.36,1.25,10,TP (50%),6.25
2025-04-21,2.5,520.86,1.3125,10,SL,-1.3125
2025-04-21,3.0,520.66,1.375,10,TP (50%),6.875
2025-04-21,3.5,518.79,1.4375,10,SL,-1.4375000000000002
2025-04-22,0.0,519.18,1.0,10,TP (50%),5.0
2025-04-22,0.5,518.9,1.0625,10,Hold: Worthless,10.625
2025-04-22,1.0,518.85,1.125,10,SL,-1.125
2025-04-22,1.5,518.5,1.1875,10,TP (50%),5.9375
2025-04-22,2.0,517.51,1.25,10,SL,-1.25
2025-04-22,2.5,518.5,1.3125,10,SL,-1.3125
2025-04-22,3.0,519.46,1.375,10,SL,-1.375
2025-04-22,3.5,519.605,1.4375,10,SL,-1.4375000000000002
2025-04-23,0.0,537.97,1.0,10,SL,-1.0
2025-04-23,0.5,538.24,1.0625,10,Hold: Worthless,10.625
2025-04-23,1.0,539.15,1.125,10,Hold: Worthless,11.25
2025-04-23,1.5,540.23,1.1875,10,Hold: Worthless,11.875
2025-04-23,2.0,539.35,1.25,10,Hold: Worthless,12.5
2025-04-23,2.5,538.75,1.3125,10,SL,-1.3125
2025-04-23,3.0,540.37,1.375,10,SL,-1.375
2025-04-23,3.5,539.29,1.4375,10,Hold: Worthless,14.375
2025-04-24,0.0,532.65,1.0,10,Hold: Worthless,10.0
2025-04-24,0.5,533.49,1.0625,10,TP (50%),5.3125
2025-04-24,1.0,534.64,1.125,10,SL,-1.125
2025-04-24,1.5,534.81,1.1875,10,TP (50%),5.9375
2025-04-24,2.0,533.57,1.25,10,Hold: Worthless,12.5
2025-04-24,2.5,535.119,1.3125,10,SL,-1.3125
2025-04-24,3.0,535.98,1.375,10,SL,-1.375
2025-04-24,3.5,535.76,1.4375,10,Hold: Worthless,14.375
2025-04-25,0.0,548.65,1.0,10,SL,-1.0
2025-04-25,0.5,547.65,1.0625,10,TP (50%),5.3125
2025-04-25,1.0,545.64,1.125,10,Hold: Worthless,11.25
2025-04-25,1.5,546.0,1.1875,10,SL,-1.1875
2025-04-25,2.0,545.38,1.25,10,SL,-1.25
2025-04-25,2.5,545.52,1.3125,10,Hold: Worthless,13.125
2025-04-25,3.0,545.75,1.375,10,Hold: Worthless,13.75
2025-04-25,3.5,546.37,1.4375,10,TP (50%),7.1875
2025-04-28,0.0,550.47,1.0,10,SL,-1.0
2025-04-28,0.5,549.65,1.0625,10,Hold: Worthless,10.625
2025-04-28,1.0,549.19,1.125,10,SL,-1.125
2025-04-28,1.5,550.02,1.1875,10,Hold: Worthless,11.875
2025-04-28,2.0,549.81,1.25,10,SL,-1.25
2025-04-28,2.5,550.75,1.3125,10,Hold: Worthless,13.125
2025-04-28,3.0,551.62,1.375,10,SL,-1.375
2025-04-28,3.5,552.3368,1.4375,10,TP (50%),7.1875
2025-04-29,0.0,552.03,1.0,10,TP (50%),5.0
2025-04-29,0.5,550.87,1.0625,10,Hold: Worthless,10.625
2025-04-29,1.0,550.67,1.125,10,TP (50%),5.625
2025-04-29,1.5,551.0,1.1875,10,SL,-1.1875
2025-04-29,2.0,550.85,1.25,10,SL,-1.25
2025-04-29,2.5,551.41,1.3125,10,TP (50%),6.5625
2025-04-29,3.0,548.29,1.375,10,Hold: Worthless,13.75
2025-04-29,3.5,550.15,1.4375,10,SL,-1.4375000000000002
2025-04-30,0.0,553.88,1.0,10,TP (50%),5.0
2025-04-30,0.5,552.58,1.0625,10,TP (50%),5.3125
2025-04-30,1.0,553.41,1.125,10,SL,-1.125
2025-04-30,1.5,552.45,1.1875,10,Hold: Worthless,11.875
2025-04-30,2.0,550.94,1.25,10,TP (50%),6.25
2025-04-30,2.5,546.87,1.3125,10,Hold: Worthless,13.125
2025-04-30,3.0,546.79,1.375,10,SL,-1.375
2025-04-30,3.5,543.9,1.4375,10,TP (50%),7.1875
2025-05-01,0.0,561.36,1.0,10,TP (50%),5.0
2025-05-01,0.5,561.6,1.0625,10,TP (50%),5.3125
2025-05-01,1.0,560.85,1.125,10,SL,-1.125
2025-05-01,1.5,560.68,1.1875,10,TP (50%),5.9375
2025-05-01,2.0,561.45,1.25,10,SL,-1.25
2025-05-01,2.5,561.47,1.3125,10,SL,-1.3125
2025-05-01,3.0,560.36,1.375,10,TP (50%),6.875
2025-05-01,3.5,560.52,1.4375,10,TP (50%),7.1875
2025-05-02,0.0,560.32,1.0,10,SL,-1.0
2025-05-02,0.5,561.0,1.0625,10,TP (50%),5.3125
2025-05-02,1.0,561.08,1.125,10,Hold: Worthless,11.25
2025-05-02,1.5,560.26,1.1875,10,Hold: Worthless,11.875
2025-05-02,2.0,560.7901,1.25,10,TP (50%),6.25
2025-05-02,2.5,563.39,1.3125,10,Hold: Worthless,13.125
2025-05-02,3.0,565.74,1.375,10,TP (50%),6.875
2025-05-02,3.5,564.95,1.4375,10,Hold: Worthless,14.375
2025-05-05,0.0,562.69,1.0,10,TP (50%),5.0
2025-05-05,0.5,562.5,1.0625,10,Hold: Worthless,10.625
2025-05-05,1.0,562.63,1.125,10,Hold: Worthless,11.25
2025-05-05,1.5,562.36,1.1875,10,Hold: Worthless,11.875
2025-05-05,2.0,562.12,1.25,10,SL,-1.25
2025-05-05,2.5,562.56,1.3125,10,Hold: Worthless,13.125
2025-05-05,3.0,563.02,1.375,10,TP (50%),6.875
2025-05-05,3.5,562.3699,1.4375,10,SL,-1.4375000000000002
2025-05-06,0.0,559.21,1.0,10,TP (50%),5.0
2025-05-06,0.5,559.75,1.0625,10,TP (50%),5.3125
2025-05-06,1.0,560.4,1.125,10,SL,-1.125
2025-05-06,1.5,559.58,1.1875,10,Hold: Worthless,11.875
2025-05-06,2.0,559.0402,1.25,10,SL,-1.25
2025-05-06,2.5,558.36,1.3125,10,TP (50%),6.5625
2025-05-06,3.0,558.4494,1.375,10,Hold: Worthless,13.75
2025-05-06,3.5,558.9288,1.4375,10,SL,-1.4375000000000002
2025-05-07,0.0,562.01,1.0,10,SL,-1.0
2025-05-07,0.5,562.25,1.0625,10,SL,-1.0625
2025-05-07,1.0,562.82,1.125,10,Hold: Worthless,11.25
2025-05-07,1.5,562.35,1.1875,10,SL,-1.1875
2025-05-07,2.0,561.18,1.25,10,Hold: Worthless,12.5
2025-05-07,2.5,561.16,1.3125,10,Hold: Worthless,13.125
2025-05-07,3.0,559.91,1.375,10,SL,-1.375
2025-05-07,3.5,559.98,1.4375,10,Hold: Worthless,14.375
2025-05-08,0.0,567.3,1.0,10,TP (50%),5.0
2025-05-08,0.5,567.33,1.0625,10,TP (50%),5.3125
2025-05-08,1.0,567.64,1.125,10,TP (50%),5.625
2025-05-08,1.5,567.1,1.1875,10,Hold: Worthless,11.875
2025-05-08,2.0,566.4,1.25,10,Hold: Worthless,12.5
2025-05-08,2.5,566.67,1.3125,10,TP (50%),6.5625
2025-05-08,3.0,566.23,1.375,10,SL,-1.375
2025-05-08,3.5,565.75,1.4375,10,TP (50%),7.1875
2025-05-09,0.0,565.21,1.0,10,TP (50%),5.0
2025-05-09,0.5,566.39,1.0625,10,SL,-1.0625
2025-05-09,1.0,566.8,1.125,10,SL,-1.125
2025-05-09,1.5,564.99,1.1875,10,TP (50%),5.9375
2025-05-09,2.0,566.64,1.25,10,Hold: Worthless,12.5
2025-05-09,2.5,566.97,1.3125,10,TP (50%),6.5625
2025-05-09,3.0,567.271,1.375,10,TP (50%),6.875
2025-05-09,3.5,567.02,1.4375,10,TP (50%),7.1875
2025-05-12,0.0,580.2,1.0,10,SL,-1.0
2025-05-12,0.5,580.42,1.0625,10,SL,-1.0625
2025-05-12,1.0,581.43,1.125,10,SL,-1.125
2025-05-12,1.5,582.38,1.1875,10,Hold: Worthless,11.875
2025-05-12,2.0,581.4,1.25,10,TP (50%),6.25
2025-05-12,2.5,581.37,1.3125,10,SL,-1.3125
2025-05-12,3.0,582.25,1.375,10,TP (50%),6.875
2025-05-12,3.5,581.3051,1.4375,10,Hold: Worthless,14.375
2025-05-13,0.0,581.05,1.0,10,SL,-1.0
2025-05-13,0.5,581.5,1.0625,10,TP (50%),5.3125
2025-05-13,1.0,581.4,1.125,10,TP (50%),5.625
2025-05-13,1.5,581.52,1.1875,10,SL,-1.1875
2025-05-13,2.0,582.51,1.25,10,SL,-1.25
2025-05-13,2.5,583.79,1.3125,10,TP (50%),6.5625
2025-05-13,3.0,583.27,1.375,10,Hold: Worthless,13.75
2025-05-13,3.5,583.98,1.4375,10,SL,-1.4375000000000002
2025-05-14,0.0,587.08,1.0,10,SL,-1.0
2025-05-14,0.5,586.35,1.0625,10,SL,-1.0625
2025-05-14,1.0,586.75,1.125,10,TP (50%),5.625
2025-05-14,1.5,588.21,1.1875,10,SL,-1.1875
2025-05-14,2.0,587.93,1.25,10,Hold: Worthless,12.5
2025-05-14,2.5,588.51,1.3125,10,Hold: Worthless,13.125
2025-05-14,3.0,588.1012,1.375,10,SL,-1.375
2025-05-14,3.5,587.99,1.4375,10,Hold: Worthless,14.375
2025-05-15,0.0,584.19,1.0,10,TP (50%),5.0
2025-05-15,0.5,584.33,1.0625,10,Hold: Worthless,10.625
2025-05-15,1.0,584.87,1.125,10,TP (50%),5.625
2025-05-15,1.5,585.35,1.1875,10,SL,-1.1875
2025-05-15,2.0,585.16,1.25,10,SL,-1.25
2025-05-15,2.5,586.0705,1.3125,10,SL,-1.3125
2025-05-15,3.0,585.57,1.375,10,Hold: Worthless,13.75
2025-05-15,3.5,586.3707,1.4375,10,TP (50%),7.1875
2025-05-16,0.0,591.54,1.0,10,Hold: Worthless,10.0
2025-05-16,0.5,591.31,1.0625,10,SL,-1.0625
2025-05-16,1.0,591.81,1.125,10,Hold: Worthless,11.25
2025-05-16,1.5,591.97,1.1875,10,SL,-1.1875
2025-05-16,2.0,592.2,1.25,10,SL,-1.25
2025-05-16,2.5,592.43,1.3125,10,TP (50%),6.5625
2025-05-16,3.0,591.3,1.375,10,TP (50%),6.875
2025-05-16,3.5,590.94,1.4375,10,TP (50%),7.1875
2025-05-19,0.0,587.42,1.0,10,TP (50%),5.0
2025-05-19,0.5,586.9,1.0625,10,Hold: Worthless,10.625
2025-05-19,1.0,587.58,1.125,10,TP (50%),5.625
2025-05-19,1.5,588.31,1.1875,10,TP (50%),5.9375
2025-05-19,2.0,587.54,1.25,10,TP (50%),6.25
2025-05-19,2.5,588.37,1.3125,10,SL,-1.3125
2025-05-19,3.0,587.95,1.375,10,Hold: Worthless,13.75
2025-05-19,3.5,588.29,1.4375,10,SL,-1.4375000000000002
2025-05-20,0.0,592.92,1.0,10,SL,-1.0
2025-05-20,0.5,593.69,1.0625,10,Hold: Worthless,10.625
2025-05-20,1.0,594.139,1.125,10,Hold: Worthless,11.25
2025-05-20,1.5,594.09,1.1875,10,TP (50%),5.9375
2025-05-20,2.0,594.14,1.25,10,TP (50%),6.25
2025-05-20,2.5,593.49,1.3125,10,TP (50%),6.5625
2025-05-20,3.0,593.74,1.375,10,Hold: Worthless,13.75
2025-05-20,3.5,593.1,1.4375,10,Hold: Worthless,14.375
2025-05-21,0.0,589.19,1.0,10,SL,-1.0
2025-05-21,0.5,588.27,1.0625,10,SL,-1.0625
2025-05-21,1.0,588.47,1.125,10,TP (50%),5.625
2025-05-21,1.5,589.29,1.1875,10,Hold: Worthless,11.875
2025-05-21,2.0,590.29,1.25,10,TP (50%),6.25
2025-05-21,2.5,589.36,1.3125,10,Hold: Worthless,13.125
2025-05-21,3.0,588.84,1.375,10,SL,-1.375
2025-05-21,3.5,588.53,1.4375,10,SL,-1.4375000000000002
2025-05-22,0.0,584.05,1.0,10,Hold: Worthless,10.0
2025-05-22,0.5,584.14,1.0625,10,TP (50%),5.3125
2025-05-22,1.0,583.55,1.125,10,Hold: Worthless,11.25
2025-05-22,1.5,583.3,1.1875,10,SL,-1.1875
2025-05-22,2.0,581.53,1.25,10,TP (50%),6.25
2025-05-22,2.5,580.21,1.3125,10,TP (50%),6.5625
2025-05-22,3.0,582.85,1.375,10,SL,-1.375
2025-05-22,3.5,582.7,1.4375,10,Hold: Worthless,14.375
2025-05-23,0.0,581.99,1.0,10,SL,-1.0
2025-05-23,0.5,582.84,1.0625,10,TP (50%),5.3125
2025-05-23,1.0,582.99,1.125,10,SL,-1.125
2025-05-23,1.5,581.54,1.1875,10,SL,-1.1875
2025-05-23,2.0,574.4,1.25,10,Hold: Worthless,12.5
2025-05-23,2.5,575.7812,1.3125,10,SL,-1.3125
2025-05-23,3.0,574.45,1.375,10,SL,-1.375
2025-05-23,3.5,577.78,1.4375,10,SL,-1.4375000000000002
2025-05-27,0.0,587.58,1.0,10,Hold: Worthless,10.0
2025-05-27,0.5,587.9,1.0625,10,Hold: Worthless,10.625
2025-05-27,1.0,588.02,1.125,10,SL,-1.125
2025-05-27,1.5,587.16,1.1875,10,SL,-1.1875
2025-05-27,2.0,587.84,1.25,10,SL,-1.25
2025-05-27,2.5,587.19,1.3125,10,TP (50%),6.5625
2025-05-27,3.0,586.93,1.375,10,Hold: Worthless,13.75
2025-05-27,3.5,587.3,1.4375,10,Hold: Worthless,14.375
2025-05-28,0.0,589.49,1.0,10,SL,-1.0
2025-05-28,0.5,590.47,1.0625,10,Hold: Worthless,10.625
2025-05-28,1.0,591.84,1.125,10,TP (50%),5.625
2025-05-28,1.5,591.6,1.1875,10,Hold: Worthless,11.875
2025-05-28,2.0,591.5,1.25,10,SL,-1.25
2025-05-28,2.5,591.52,1.3125,10,TP (50%),6.5625
2025-05-28,3.0,591.36,1.375,10,SL,-1.375
2025-05-28,3.5,592.0099,1.4375,10,TP (50%),7.1875
2025-05-29,0.0,596.85,1.0,10,TP (50%),5.0
2025-05-29,0.5,595.39,1.0625,10,Hold: Worthless,10.625
2025-05-29,1.0,594.55,1.125,10,TP (50%),5.625
2025-05-29,1.5,594.41,1.1875,10,TP (50%),5.9375
2025-05-29,2.0,593.81,1.25,10,TP (50%),6.25
2025-05-29,2.5,592.76,1.3125,10,SL,-1.3125
2025-05-29,3.0,592.56,1.375,10,TP (50%),6.875
2025-05-29,3.5,592.56,1.4375,10,SL,-1.4375000000000002
2025-05-30,0.0,589.66,1.0,10,SL,-1.0
2025-05-30,0.5,589.53,1.0625,10,SL,-1.0625
2025-05-30,1.0,589.69,1.125,10,TP (50%),5.625
2025-05-30,1.5,589.69,1.1875,10,SL,-1.1875
2025-05-30,2.0,587.77,1.25,10,SL,-1.25
2025-05-30,2.5,587.8,1.3125,10,SL,-1.3125
2025-05-30,3.0,587.865,1.375,10,Hold: Worthless,13.75
2025-05-30,3.5,588.15,1.4375,10,SL,-1.4375000000000002
2025-06-02,0.0,586.35,1.0,10,SL,-1.0
2025-06-02,0.5,586.56,1.0625,10,SL,-1.0625
2025-06-02,1.0,586.68,1.125,10,TP (50%),5.625
2025-06-02,1.5,587.47,1.1875,10,SL,-1.1875
2025-06-02,2.0,587.5,1.25,10,SL,-1.25
2025-06-02,2.5,587.14,1.3125,10,TP (50%),6.5625
2025-06-02,3.0,587.5591,1.375,10,SL,-1.375
2025-06-02,3.5,587.5001,1.4375,10,Hold: Worthless,14.375
2025-06-03,0.0,589.96,1.0,10,SL,-1.0
2025-06-03,0.5,590.13,1.0625,10,TP (50%),5.3125
2025-06-03,1.0,591.01,1.125,10,SL,-1.125
2025-06-03,1.5,591.56,1.1875,10,SL,-1.1875
2025-06-03,2.0,591.75,1.25,10,Hold: Worthless,12.5
2025-06-03,2.5,591.94,1.3125,10,TP (50%),6.5625
2025-06-03,3.0,592.11,1.375,10,Hold: Worthless,13.75
2025-06-03,3.5,592.66,1.4375,10,SL,-1.4375000000000002
2025-06-04,0.0,597.21,1.0,10,TP (50%),5.0
2025-06-04,0.5,597.04,1.0625,10,SL,-1.0625
2025-06-04,1.0,597.22,1.125,10,SL,-1.125
2025-06-04,1.5,597.34,1.1875,10,Hold: Worthless,11.875
2025-06-04,2.0,596.51,1.25,10,Hold: Worthless,12.5
2025-06-04,2.5,596.07,1.3125,10,Hold: Worthless,13.125
2025-06-04,3.0,596.56,1.375,10,Hold: Worthless,13.75
2025-06-04,3.5,597.75,1.4375,10,TP (50%),7.1875
2025-06-05,0.0,596.55,1.0,10,SL,-1.0
2025-06-05,0.5,596.81,1.0625,10,SL,-1.0625
2025-06-05,1.0,595.951,1.125,10,TP (50%),5.625
2025-06-05,1.5,596.34,1.1875,10,SL,-1.1875
2025-06-05,2.0,596.4,1.25,10,SL,-1.25
2025-06-05,2.5,597.33,1.3125,10,TP (50%),6.5625
2025-06-05,3.0,597.63,1.375,10,SL,-1.375
2025-06-05,3.5,594.2897,1.4375,10,Hold: Worthless,14.375
2025-06-06,0.0,595.54,1.0,10,TP (50%),5.0
2025-06-06,0.5,595.56,1.0625,10,SL,-1.0625
2025-06-06,1.0,595.19,1.125,10,SL,-1.125
2025-06-06,1.5,595.16,1.1875,10,SL,-1.1875
2025-06-06,2.0,595.3,1.25,10,Hold: Worthless,12.5
2025-06-06,2.5,595.83,1.3125,10,SL,-1.3125
2025-06-06,3.0,597.7,1.375,10,SL,-1.375
2025-06-06,3.5,598.6399,1.4375,10,SL,-1.4375000000000002
2025-06-09,0.0,599.84,1.0,10,TP (50%),5.0
2025-06-09,0.5,599.52,1.0625,10,SL,-1.0625
2025-06-09,1.0,599.92,1.125,10,Hold: Worthless,11.25
2025-06-09,1.5,600.03,1.1875,10,TP (50%),5.9375
2025-06-09,2.0,600.12,1.25,10,SL,-1.25
2025-06-09,2.5,599.93,1.3125,10,Hold: Worthless,13.125
2025-06-09,3.0,600.0,1.375,10,Hold: Worthless,13.75
2025-06-09,3.5,599.4,1.4375,10,TP (50%),7.1875
2025-06-10,0.0,599.93,1.0,10,Hold: Worthless,10.0
2025-06-10,0.5,600.11,1.0625,10,TP (50%),5.3125
2025-06-10,1.0,599.54,1.125,10,Hold: Worthless,11.25
2025-06-10,1.5,599.88,1.1875,10,TP (50%),5.9375
2025-06-10,2.0,600.58,1.25,10,TP (50%),6.25
2025-06-10,2.5,600.67,1.3125,10,TP (50%),6.5625
2025-06-10,3.0,600.52,1.375,10,Hold: Worthless,13.75
2025-06-10,3.5,600.53,1.4375,10,TP (50%),7.1875
2025-06-11,0.0,602.38,1.0,10,Hold: Worthless,10.0
2025-06-11,0.5,602.14,1.0625,10,SL,-1.0625
2025-06-11,1.0,602.26,1.125,10,SL,-1.125
2025-06-11,1.5,601.5,1.1875,10,TP (50%),5.9375
2025-06-11,2.0,602.42,1.25,10,TP (50%),6.25
2025-06-11,2.5,605.0,1.3125,10,TP (50%),6.5625
2025-06-11,3.0,603.97,1.375,10,Hold: Worthless,13.75
2025-06-11,3.5,603.42,1.4375,10,Hold: Worthless,14.375
2025-06-12,0.0,599.29,1.0,10,SL,-1.0
2025-06-12,0.5,598.95,1.0625,10,TP (50%),5.3125
2025-06-12,1.0,598.51,1.125,10,Hold: Worthless,11.25
2025-06-12,1.5,598.71,1.1875,10,TP (50%),5.9375
2025-06-12,2.0,598.28,1.25,10,TP (50%),6.25
2025-06-12,2.5,598.2701,1.3125,10,TP (50%),6.5625
2025-06-12,3.0,599.8,1.375,10,TP (50%),6.875
2025-06-12,3.5,600.1199,1.4375,10,TP (50%),7.1875
2025-06-13,0.0,596.99,1.0,10,Hold: Worthless,10.0
2025-06-13,0.5,596.51,1.0625,10,TP (50%),5.3125
2025-06-13,1.0,597.04,1.125,10,TP (50%),5.625
2025-06-13,1.5,598.05,1.1875,10,TP (50%),5.9375
2025-06-13,2.0,598.0,1.25,10,TP (50%),6.25
2025-06-13,2.5,598.18,1.3125,10,Hold: Worthless,13.125
2025-06-13,3.0,598.84,1.375,10,Hold: Worthless,13.75
2025-06-13,3.5,597.85,1.4375,10,TP (50%),7.1875
2025-06-16,0.0,599.5,1.0,10,SL,-1.0
2025-06-16,0.5,599.68,1.0625,10,SL,-1.0625
2025-06-16,1.0,599.93,1.125,10,Hold: Worthless,11.25
2025-06-16,1.5,599.9,1.1875,10,SL,-1.1875
2025-06-16,2.0,600.62,1.25,10,TP (50%),6.25
2025-06-16,2.5,600.94,1.3125,10,SL,-1.3125
2025-06-16,3.0,600.9,1.375,10,Hold: Worthless,13.75
2025-06-16,3.5,601.2,1.4375,10,TP (50%),7.1875
2025-06-17,0.0,599.26,1.0,10,SL,-1.0
2025-06-17,0.5,599.6,1.0625,10,Hold: Worthless,10.625
2025-06-17,1.0,598.67,1.125,10,Hold: Worthless,11.25
2025-06-17,1.5,600.09,1.1875,10,Hold: Worthless,11.875
2025-06-17,2.0,599.82,1.25,10,Hold: Worthless,12.5
2025-06-17,2.5,600.4,1.3125,10,SL,-1.3125
2025-06-17,3.0,599.89,1.375,10,TP (50%),6.875
2025-06-17,3.5,599.96,1.4375,10,SL,-1.4375000000000002
2025-06-18,0.0,599.72,1.0,10,TP (50%),5.0
2025-06-18,0.5,599.15,1.0625,10,TP (50%),5.3125
2025-06-18,1.0,598.21,1.125,10,TP (50%),5.625
2025-06-18,1.5,597.97,1.1875,10,SL,-1.1875
2025-06-18,2.0,598.7,1.25,10,SL,-1.25
2025-06-18,2.5,598.35,1.3125,10,SL,-1.3125
2025-06-18,3.0,598.3,1.375,10,TP (50%),6.875
2025-06-18,3.5,597.61,1.4375,10,TP (50%),7.1875
2025-06-20,0.0,594.25,1.0,10,Hold: Worthless,10.0
2025-06-20,0.5,594.38,1.0625,10,TP (50%),5.3125
2025-06-20,1.0,594.72,1.125,10,TP (50%),5.625
2025-06-20,1.5,595.19,1.1875,10,SL,-1.1875
2025-06-20,2.0,596.5,1.25,10,SL,-1.25
2025-06-20,2.5,597.25,1.3125,10,Hold: Worthless,13.125
2025-06-20,3.0,597.9,1.375,10,SL,-1.375
2025-06-20,3.5,598.565,1.4375,10,TP (50%),7.1875
2025-06-23,0.0,595.6,1.0,10,SL,-1.0
2025-06-23,0.5,595.4,1.0625,10,Hold: Worthless,10.625
2025-06-23,1.0,594.62,1.125,10,TP (50%),5.625
2025-06-23,1.5,593.71,1.1875,10,TP (50%),5.9375
2025-06-23,2.0,593.1,1.25,10,TP (50%),6.25
2025-06-23,2.5,594.07,1.3125,10,SL,-1.3125
2025-06-23,3.0,594.93,1.375,10,SL,-1.375
2025-06-23,3.5,595.22,1.4375,10,SL,-1.4375000000000002
2025-06-24,0.0,605.69,1.0,10,SL,-1.0
2025-06-24,0.5,604.92,1.0625,10,SL,-1.0625
2025-06-24,1.0,604.71,1.125,10,SL,-1.125
2025-06-24,1.5,604.51,1.1875,10,TP (50%),5.9375
2025-06-24,2.0,604.88,1.25,10,TP (50%),6.25
2025-06-24,2.5,604.34,1.3125,10,SL,-1.3125
2025-06-24,3.0,604.66,1.375,10,SL,-1.375
2025-06-24,3.5,604.72,1.4375,10,TP (50%),7.1875
2025-06-25,0.0,607.21,1.0,10,TP (50%),5.0
2025-06-25,0.5,606.85,1.0625,10,Hold: Worthless,10.625
2025-06-25,1.0,607.25,1.125,10,Hold: Worthless,11.25
2025-06-25,1.5,607.6,1.1875,10,SL,-1.1875
2025-06-25,2.0,608.05,1.25,10,Hold: Worthless,12.5
2025-06-25,2.5,607.92,1.3125,10,SL,-1.3125
2025-06-25,3.0,607.95,1.375,10,Hold: Worthless,13.75
2025-06-25,3.5,608.34,1.4375,10,TP (50%),7.1875
2025-06-26,0.0,608.82,1.0,10,Hold: Worthless,10.0
2025-06-26,0.5,609.39,1.0625,10,Hold: Worthless,10.625
2025-06-26,1.0,609.0,1.125,10,SL,-1.125
2025-06-26,1.5,609.05,1.1875,10,Hold: Worthless,11.875
2025-06-26,2.0,609.28,1.25,10,Hold: Worthless,12.5
2025-06-26,2.5,608.86,1.3125,10,Hold: Worthless,13.125
2025-06-26,3.0,608.7799,1.375,10,SL,-1.375
2025-06-26,3.5,609.02,1.4375,10,Hold: Worthless,14.375
2025-06-27,0.0,613.61,1.0,10,Hold: Worthless,10.0
2025-06-27,0.5,613.35,1.0625,10,Hold: Worthless,10.625
2025-06-27,1.0,613.79,1.125,10,SL,-1.125
2025-06-27,1.5,614.31,1.1875,10,TP (50%),5.9375
2025-06-27,2.0,614.0,1.25,10,TP (50%),6.25
2025-06-27,2.5,613.635,1.3125,10,TP (50%),6.5625
2025-06-27,3.0,613.09,1.375,10,TP (50%),6.875
2025-06-27,3.5,613.5,1.4375,10,Hold: Worthless,14.375
2025-06-30,0.0,617.67,1.0,10,TP (50%),5.0
2025-06-30,0.5,617.41,1.0625,10,Hold: Worthless,10.625
2025-06-30,1.0,617.53,1.125,10,SL,-1.125
2025-06-30,1.5,617.81,1.1875,10,Hold: Worthless,11.875
2025-06-30,2.0,617.52,1.25,10,Hold: Worthless,12.5
2025-06-30,2.5,617.21,1.3125,10,SL,-1.3125
2025-06-30,3.0,617.07,1.375,10,TP (50%),6.875
2025-06-30,3.5,617.49,1.4375,10,Hold: Worthless,14.375
2025-07-01,0.0,616.8,1.0,10,TP (50%),5.0
2025-07-01,0.5,616.99,1.0625,10,Hold: Worthless,10.625
2025-07-01,1.0,617.08,1.125,10,SL,-1.125
2025-07-01,1.5,616.99,1.1875,10,SL,-1.1875
2025-07-01,2.0,616.27,1.25,10,TP (50%),6.25
2025-07-01,2.5,616.0,1.3125,10,SL,-1.3125
2025-07-01,3.0,616.56,1.375,10,TP (50%),6.875
2025-07-01,3.5,616.62,1.4375,10,TP (50%),7.1875
2025-07-02,0.0,618.41,1.0,10,SL,-1.0
2025-07-02,0.5,618.4,1.0625,10,SL,-1.0625
2025-07-02,1.0,618.4,1.125,10,SL,-1.125
2025-07-02,1.5,618.2,1.1875,10,Hold: Worthless,11.875
2025-07-02,2.0,617.64,1.25,10,SL,-1.25
2025-07-02,2.5,616.81,1.3125,10,Hold: Worthless,13.125
2025-07-02,3.0,616.96,1.375,10,TP (50%),6.875
2025-07-02,3.5,617.475,1.4375,10,SL,-1.4375000000000002
2025-07-03,0.0,621.14,1.0,10,SL,-1.0
2025-07-03,0.5,620.67,1.0625,10,Hold: Worthless,10.625
2025-07-03,1.0,621.21,1.125,10,Hold: Worthless,11.25
2025-07-03,1.5,621.23,1.1875,10,SL,-1.1875
2025-07-03,2.0,621.38,1.25,10,SL,-1.25
2025-07-03,2.5,622.05,1.3125,10,TP (50%),6.5625
2025-07-03,3.0,622.14,1.375,10,Hold: Worthless,13.75
2025-07-03,3.5,623.395,1.4375,10,TP (50%),7.1875
2025-07-07,0.0,622.7,1.0,10,Hold: Worthless,10.0
2025-07-07,0.5,623.98,1.0625,10,SL,-1.0625
2025-07-07,1.0,623.71,1.125,10,Hold: Worthless,11.25
2025-07-07,1.5,623.99,1.1875,10,Hold: Worthless,11.875
2025-07-07,2.0,623.98,1.25,10,Hold: Worthless,12.5
2025-07-07,2.5,624.301,1.3125,10,SL,-1.3125
2025-07-07,3.0,623.27,1.375,10,TP (50%),6.875
2025-07-07,3.5,623.2264,1.4375,10,SL,-1.4375000000000002
2025-07-08,0.0,621.49,1.0,10,SL,-1.0
2025-07-08,0.5,621.36,1.0625,10,TP (50%),5.3125
2025-07-08,1.0,621.49,1.125,10,SL,-1.125
2025-07-08,1.5,621.9,1.1875,10,Hold: Worthless,11.875
2025-07-08,2.0,621.5,1.25,10,TP (50%),6.25
2025-07-08,2.5,621.2,1.3125,10,Hold: Worthless,13.125
2025-07-08,3.0,621.48,1.375,10,Hold: Worthless,13.75
2025-07-08,3.5,621.34,1.4375,10,SL,-1.4375000000000002
2025-07-09,0.0,621.41,1.0,10,Hold: Worthless,10.0
2025-07-09,0.5,621.49,1.0625,10,TP (50%),5.3125
2025-07-09,1.0,621.6,1.125,10,SL,-1.125
2025-07-09,1.5,621.69,1.1875,10,SL,-1.1875
2025-07-09,2.0,621.99,1.25,10,SL,-1.25
2025-07-09,2.5,621.81,1.3125,10,Hold: Worthless,13.125
2025-07-09,3.0,623.21,1.375,10,Hold: Worthless,13.75
2025-07-09,3.5,624.39,1.4375,10,SL,-1.4375000000000002
2025-07-10,0.0,622.94,1.0,10,TP (50%),5.0
2025-07-10,0.5,623.31,1.0625,10,SL,-1.0625
2025-07-10,1.0,623.69,1.125,10,SL,-1.125
2025-07-10,1.5,624.32,1.1875,10,TP (50%),5.9375
2025-07-10,2.0,623.95,1.25,10,SL,-1.25
2025-07-10,2.5,623.5,1.3125,10,Hold: Worthless,13.125
2025-07-10,3.0,623.8,1.375,10,SL,-1.375
2025-07-10,3.5,623.55,1.4375,10,Hold: Worthless,14.375
2025-07-11,0.0,622.44,1.0,10,TP (50%),5.0
2025-07-11,0.5,621.98,1.0625,10,Hold: Worthless,10.625
2025-07-11,1.0,621.72,1.125,10,TP (50%),5.625
2025-07-11,1.5,622.219,1.1875,10,Hold: Worthless,11.875
2025-07-11,2.0,622.73,1.25,10,TP (50%),6.25
2025-07-11,2.5,622.891,1.3125,10,SL,-1.3125
2025-07-11,3.0,622.3,1.375,10,SL,-1.375
2025-07-11,3.5,622.43,1.4375,10,SL,-1.4375000000000002
2025-07-14,0.0,621.98,1.0,10,SL,-1.0
2025-07-14,0.5,621.95,1.0625,10,SL,-1.0625
2025-07-14,1.0,621.86,1.125,10,Hold: Worthless,11.25
2025-07-14,1.5,622.17,1.1875,10,Hold: Worthless,11.875
2025-07-14,2.0,622.0416,1.25,10,SL,-1.25
2025-07-14,2.5,622.2199,1.3125,10,SL,-1.3125
2025-07-14,3.0,622.11,1.375,10,SL,-1.375
2025-07-14,3.5,621.94,1.4375,10,Hold: Worthless,14.375
2025-07-15,0.0,626.99,1.0,10,SL,-1.0
2025-07-15,0.5,627.15,1.0625,10,Hold: Worthless,10.625
2025-07-15,1.0,627.03,1.125,10,Hold: Worthless,11.25
2025-07-15,1.5,627.33,1.1875,10,SL,-1.1875
2025-07-15,2.0,627.17,1.25,10,SL,-1.25
2025-07-15,2.5,626.43,1.3125,10,SL,-1.3125
2025-07-15,3.0,627.43,1.375,10,TP (50%),6.875
2025-07-15,3.5,627.66,1.4375,10,SL,-1.4375000000000002
2025-07-16,0.0,621.37,1.0,10,Hold: Worthless,10.0
2025-07-16,0.5,621.81,1.0625,10,Hold: Worthless,10.625
2025-07-16,1.0,622.12,1.125,10,SL,-1.125
2025-07-16,1.5,621.69,1.1875,10,TP (50%),5.9375
2025-07-16,2.0,622.49,1.25,10,Hold: Worthless,12.5
2025-07-16,2.5,623.55,1.3125,10,Hold: Worthless,13.125
2025-07-16,3.0,623.5006,1.375,10,Hold: Worthless,13.75
2025-07-16,3.5,623.24,1.4375,10,Hold: Worthless,14.375
2025-07-17,0.0,624.93,1.0,10,Hold: Worthless,10.0
2025-07-17,0.5,624.48,1.0625,10,SL,-1.0625
2025-07-17,1.0,624.24,1.125,10,TP (50%),5.625
2025-07-17,1.5,623.81,1.1875,10,Hold: Worthless,11.875
2025-07-17,2.0,623.79,1.25,10,SL,-1.25
2025-07-17,2.5,625.02,1.3125,10,SL,-1.3125
2025-07-17,3.0,624.73,1.375,10,Hold: Worthless,13.75
2025-07-17,3.5,625.9001,1.4375,10,SL,-1.4375000000000002
2025-07-18,0.0,629.08,1.0,10,Hold: Worthless,10.0
2025-07-18,0.5,628.44,1.0625,10,Hold: Worthless,10.625
2025-07-18,1.0,628.39,1.125,10,TP (50%),5.625
2025-07-18,1.5,628.54,1.1875,10,TP (50%),5.9375
2025-07-18,2.0,628.6,1.25,10,Hold: Worthless,12.5
2025-07-18,2.5,628.8,1.3125,10,TP (50%),6.5625
2025-07-18,3.0,628.85,1.375,10,SL,-1.375
2025-07-18,3.5,629.05,1.4375,10,TP (50%),7.1875
2025-07-21,0.0,629.43,1.0,10,SL,-1.0
2025-07-21,0.5,629.05,1.0625,10,SL,-1.0625
2025-07-21,1.0,629.09,1.125,10,SL,-1.125
2025-07-21,1.5,628.9457,1.1875,10,Hold: Worthless,11.875
2025-07-21,2.0,628.9299,1.25,10,Hold: Worthless,12.5
2025-07-21,2.5,628.39,1.3125,10,SL,-1.3125
2025-07-21,3.0,629.48,1.375,10,TP (50%),6.875
2025-07-21,3.5,630.68,1.4375,10,TP (50%),7.1875
2025-07-22,0.0,627.97,1.0,10,Hold: Worthless,10.0
2025-07-22,0.5,628.15,1.0625,10,SL,-1.0625
2025-07-22,1.0,628.42,1.125,10,SL,-1.125
2025-07-22,1.5,628.87,1.1875,10,TP (50%),5.9375
2025-07-22,2.0,629.02,1.25,10,SL,-1.25
2025-07-22,2.5,629.13,1.3125,10,SL,-1.3125
2025-07-22,3.0,628.92,1.375,10,Hold: Worthless,13.75
2025-07-22,3.5,626.8799,1.4375,10,SL,-1.4375000000000002
2025-07-23,0.0,631.2,1.0,10,TP (50%),5.0
2025-07-23,0.5,631.39,1.0625,10,TP (50%),5.3125
2025-07-23,1.0,631.5,1.125,10,SL,-1.125
2025-07-23,1.5,631.14,1.1875,10,TP (50%),5.9375
2025-07-23,2.0,631.53,1.25,10,TP (50%),6.25
2025-07-23,2.5,631.17,1.3125,10,TP (50%),6.5625
2025-07-23,3.0,631.37,1.375,10,TP (50%),6.875
2025-07-23,3.5,631.11,1.4375,10,SL,-1.4375000000000002
2025-07-24,0.0,634.71,1.0,10,TP (50%),5.0
2025-07-24,0.5,634.26,1.0625,10,TP (50%),5.3125
2025-07-24,1.0,634.52,1.125,10,TP (50%),5.625
2025-07-24,1.5,634.68,1.1875,10,TP (50%),5.9375
2025-07-24,2.0,634.3,1.25,10,TP (50%),6.25
2025-07-24,2.5,634.08,1.3125,10,SL,-1.3125
2025-07-24,3.0,634.42,1.375,10,Hold: Worthless,13.75
2025-07-24,3.5,634.76,1.4375,10,SL,-1.4375000000000002
2025-07-25,0.0,635.31,1.0,10,SL,-1.0
2025-07-25,0.5,635.47,1.0625,10,Hold: Worthless,10.625
2025-07-25,1.0,635.3,1.125,10,Hold: Worthless,11.25
2025-07-25,1.5,635.06,1.1875,10,SL,-1.1875
2025-07-25,2.0,635.52,1.25,10,SL,-1.25
2025-07-25,2.5,634.95,1.3125,10,TP (50%),6.5625
2025-07-25,3.0,635.2999,1.375,10,Hold: Worthless,13.75
2025-07-25,3.5,635.31,1.4375,10,SL,-1.4375000000000002
2025-07-28,0.0,639.02,1.0,10,SL,-1.0
2025-07-28,0.5,638.73,1.0625,10,TP (50%),5.3125
2025-07-28,1.0,638.06,1.125,10,SL,-1.125
2025-07-28,1.5,638.3,1.1875,10,Hold: Worthless,11.875
2025-07-28,2.0,638.27,1.25,10,TP (50%),6.25
2025-07-28,2.5,638.32,1.3125,10,Hold: Worthless,13.125
2025-07-28,3.0,638.53,1.375,10,TP (50%),6.875
2025-07-28,3.5,637.6,1.4375,10,SL,-1.4375000000000002
2025-07-29,0.0,638.46,1.0,10,Hold: Worthless,10.0
2025-07-29,0.5,638.73,1.0625,10,SL,-1.0625
2025-07-29,1.0,638.51,1.125,10,SL,-1.125
2025-07-29,1.5,638.49,1.1875,10,SL,-1.1875
2025-07-29,2.0,638.32,1.25,10,Hold: Worthless,12.5
2025-07-29,2.5,638.0,1.3125,10,Hold: Worthless,13.125
2025-07-29,3.0,638.32,1.375,10,TP (50%),6.875
2025-07-29,3.5,637.92,1.4375,10,Hold: Worthless,14.375
2025-07-30,0.0,635.76,1.0,10,SL,-1.0
2025-07-30,0.5,636.04,1.0625,10,Hold: Worthless,10.625
2025-07-30,1.0,636.25,1.125,10,TP (50%),5.625
2025-07-30,1.5,636.37,1.1875,10,Hold: Worthless,11.875
2025-07-30,2.0,635.8199,1.25,10,TP (50%),6.25
2025-07-30,2.5,635.8416,1.3125,10,Hold: Worthless,13.125
2025-07-30,3.0,635.76,1.375,10,Hold: Worthless,13.75
2025-07-30,3.5,636.15,1.4375,10,Hold: Worthless,14.375
2025-07-31,0.0,640.62,1.0,10,TP (50%),5.0
2025-07-31,0.5,640.48,1.0625,10,SL,-1.0625
2025-07-31,1.0,640.31,1.125,10,TP (50%),5.625
2025-07-31,1.5,639.97,1.1875,10,TP (50%),5.9375
2025-07-31,2.0,639.8,1.25,10,TP (50%),6.25
2025-07-31,2.5,640.22,1.3125,10,Hold: Worthless,13.125
2025-07-31,3.0,640.5,1.375,10,Hold: Worthless,13.75
2025-07-31,3.5,639.59,1.4375,10,TP (50%),7.1875
2025-08-01,0.0,626.17,1.0,10,SL,-1.0
2025-08-01,0.5,626.17,1.0625,10,Hold: Worthless,10.625
2025-08-01,1.0,625.36,1.125,10,TP (50%),5.625
2025-08-01,1.5,626.41,1.1875,10,TP (50%),5.9375
2025-08-01,2.0,626.53,1.25,10,Hold: Worthless,12.5
2025-08-01,2.5,626.6,1.3125,10,Hold: Worthless,13.125
2025-08-01,3.0,626.72,1.375,10,SL,-1.375
2025-08-01,3.5,625.6,1.4375,10,TP (50%),7.1875
2025-08-04,0.0,626.08,1.0,10,TP (50%),5.0
2025-08-04,0.5,625.89,1.0625,10,SL,-1.0625
2025-08-04,1.0,625.53,1.125,10,Hold: Worthless,11.25
2025-08-04,1.5,625.0,1.1875,10,TP (50%),5.9375
2025-08-04,2.0,625.26,1.25,10,TP (50%),6.25
2025-08-04,2.5,625.41,1.3125,10,SL,-1.3125
2025-08-04,3.0,625.36,1.375,10,Hold: Worthless,13.75
2025-08-04,3.5,625.44,1.4375,10,Hold: Worthless,14.375
2025-08-05,0.0,631.84,1.0,10,Hold: Worthless,10.0
2025-08-05,0.5,632.34,1.0625,10,SL,-1.0625
2025-08-05,1.0,632.41,1.125,10,TP (50%),5.625
2025-08-05,1.5,632.75,1.1875,10,SL,-1.1875
2025-08-05,2.0,632.85,1.25,10,Hold: Worthless,12.5
2025-08-05,2.5,632.76,1.3125,10,TP (50%),6.5625
2025-08-05,3.0,631.97,1.375,10,TP (50%),6.875
2025-08-05,3.5,631.72,1.4375,10,SL,-1.4375000000000002
2025-08-06,0.0,629.84,1.0,10,Hold: Worthless,10.0
2025-08-06,0.5,629.68,1.0625,10,SL,-1.0625
2025-08-06,1.0,629.15,1.125,10,SL,-1.125
2025-08-06,1.5,629.33,1.1875,10,SL,-1.1875
2025-08-06,2.0,629.5201,1.25,10,TP (50%),6.25
2025-08-06,2.5,629.02,1.3125,10,TP (50%),6.5625
2025-08-06,3.0,629.54,1.375,10,TP (50%),6.875
2025-08-06,3.5,629.135,1.4375,10,Hold: Worthless,14.375
2025-08-07,0.0,636.78,1.0,10,SL,-1.0
2025-08-07,0.5,637.47,1.0625,10,SL,-1.0625
2025-08-07,1.0,636.91,1.125,10,TP (50%),5.625
2025-08-07,1.5,636.75,1.1875,10,TP (50%),5.9375
2025-08-07,2.0,636.25,1.25,10,SL,-1.25
2025-08-07,2.5,636.39,1.3125,10,Hold: Worthless,13.125
2025-08-07,3.0,636.36,1.375,10,Hold: Worthless,13.75
2025-08-07,3.5,636.73,1.4375,10,Hold: Worthless,14.375
2025-08-08,0.0,634.12,1.0,10,TP (50%),5.0
2025-08-08,0.5,634.2,1.0625,10,Hold: Worthless,10.625
2025-08-08,1.0,634.53,1.125,10,SL,-1.125
2025-08-08,1.5,634.611,1.1875,10,Hold: Worthless,11.875
2025-08-08,2.0,633.59,1.25,10,SL,-1.25
2025-08-08,2.5,633.89,1.3125,10,TP (50%),6.5625
2025-08-08,3.0,633.87,1.375,10,SL,-1.375
2025-08-08,3.5,635.37,1.4375,10,Hold: Worthless,14.375
2025-08-11,0.0,637.8,1.0,10,Hold: Worthless,10.0
2025-08-11,0.5,637.99,1.0625,10,Hold: Worthless,10.625
2025-08-11,1.0,637.99,1.125,10,TP (50%),5.625
2025-08-11,1.5,638.32,1.1875,10,TP (50%),5.9375
2025-08-11,2.0,638.03,1.25,10,SL,-1.25
2025-08-11,2.5,637.76,1.3125,10,SL,-1.3125
2025-08-11,3.0,637.325,1.375,10,Hold: Worthless,13.75
2025-08-11,3.5,637.56,1.4375,10,TP (50%),7.1875
2025-08-12,0.0,636.25,1.0,10,SL,-1.0
2025-08-12,0.5,636.01,1.0625,10,Hold: Worthless,10.625
2025-08-12,1.0,635.719,1.125,10,SL,-1.125
2025-08-12,1.5,635.4,1.1875,10,TP (50%),5.9375
2025-08-12,2.0,635.93,1.25,10,Hold: Worthless,12.5
2025-08-12,2.5,639.21,1.3125,10,SL,-1.3125
2025-08-12,3.0,638.37,1.375,10,Hold: Worthless,13.75
2025-08-12,3.5,638.68,1.4375,10,Hold: Worthless,14.375
2025-08-13,0.0,643.81,1.0,10,Hold: Worthless,10.0
2025-08-13,0.5,644.11,1.0625,10,Hold: Worthless,10.625
2025-08-13,1.0,644.12,1.125,10,TP (50%),5.625
2025-08-13,1.5,644.06,1.1875,10,Hold: Worthless,11.875
2025-08-13,2.0,644.18,1.25,10,TP (50%),6.25
2025-08-13,2.5,644.63,1.3125,10,TP (50%),6.5625
2025-08-13,3.0,644.71,1.375,10,SL,-1.375
2025-08-13,3.5,646.07,1.4375,10,SL,-1.4375000000000002
2025-08-14,0.0,644.9,1.0,10,TP (50%),5.0
2025-08-14,0.5,644.69,1.0625,10,TP (50%),5.3125
2025-08-14,1.0,644.74,1.125,10,Hold: Worthless,11.25
2025-08-14,1.5,644.82,1.1875,10,SL,-1.1875
2025-08-14,2.0,642.05,1.25,10,Hold: Worthless,12.5
2025-08-14,2.5,642.37,1.3125,10,Hold: Worthless,13.125
2025-08-14,3.0,643.3293,1.375,10,SL,-1.375
2025-08-14,3.5,643.97,1.4375,10,SL,-1.4375000000000002
2025-08-15,0.0,645.73,1.0,10,TP (50%),5.0
2025-08-15,0.5,646.01,1.0625,10,Hold: Worthless,10.625
2025-08-15,1.0,646.33,1.125,10,SL,-1.125
2025-08-15,1.5,646.36,1.1875,10,Hold: Worthless,11.875
2025-08-15,2.0,645.82,1.25,10,TP (50%),6.25
2025-08-15,2.5,646.22,1.3125,10,SL,-1.3125
2025-08-15,3.0,645.69,1.375,10,SL,-1.375
2025-08-15,3.5,644.0701,1.4375,10,TP (50%),7.1875
2025-08-18,0.0,642.4,1.0,10,SL,-1.0
2025-08-18,0.5,642.67,1.0625,10,TP (50%),5.3125
2025-08-18,1.0,643.0,1.125,10,Hold: Worthless,11.25
2025-08-18,1.5,642.7,1.1875,10,Hold: Worthless,11.875
2025-08-18,2.0,642.83,1.25,10,SL,-1.25
2025-08-18,2.5,642.94,1.3125,10,Hold: Worthless,13.125
2025-08-18,3.0,642.9,1.375,10,SL,-1.375
2025-08-18,3.5,642.9811,1.4375,10,Hold: Worthless,14.375
2025-08-19,0.0,643.33,1.0,10,TP (50%),5.0
2025-08-19,0.5,642.83,1.0625,10,TP (50%),5.3125
2025-08-19,1.0,642.76,1.125,10,Hold: Worthless,11.25
2025-08-19,1.5,643.0799,1.1875,10,TP (50%),5.9375
2025-08-19,2.0,643.014,1.25,10,SL,-1.25
2025-08-19,2.5,642.79,1.3125,10,Hold: Worthless,13.125
2025-08-19,3.0,642.49,1.375,10,SL,-1.375
2025-08-19,3.5,643.78,1.4375,10,TP (50%),7.1875
2025-08-20,0.0,638.93,1.0,10,Hold: Worthless,10.0
2025-08-20,0.5,638.9,1.0625,10,SL,-1.0625
2025-08-20,1.0,639.16,1.125,10,TP (50%),5.625
2025-08-20,1.5,638.98,1.1875,10,TP (50%),5.9375
2025-08-20,2.0,639.17,1.25,10,SL,-1.25
2025-08-20,2.5,639.22,1.3125,10,TP (50%),6.5625
2025-08-20,3.0,639.12,1.375,10,Hold: Worthless,13.75
2025-08-20,3.5,635.66,1.4375,10,Hold: Worthless,14.375
2025-08-21,0.0,637.43,1.0,10,SL,-1.0
2025-08-21,0.5,636.76,1.0625,10,Hold: Worthless,10.625
2025-08-21,1.0,637.1,1.125,10,TP (50%),5.625
2025-08-21,1.5,636.72,1.1875,10,SL,-1.1875
2025-08-21,2.0,635.52,1.25,10,Hold: Worthless,12.5
2025-08-21,2.5,635.45,1.3125,10,SL,-1.3125
2025-08-21,3.0,635.67,1.375,10,SL,-1.375
2025-08-21,3.5,635.6558,1.4375,10,Hold: Worthless,14.375
2025-08-22,0.0,637.09,1.0,10,TP (50%),5.0
2025-08-22,0.5,637.5,1.0625,10,Hold: Worthless,10.625
2025-08-22,1.0,637.15,1.125,10,Hold: Worthless,11.25
2025-08-22,1.5,637.03,1.1875,10,Hold: Worthless,11.875
2025-08-22,2.0,637.54,1.25,10,SL,-1.25
2025-08-22,2.5,637.06,1.3125,10,Hold: Worthless,13.125
2025-08-22,3.0,637.57,1.375,10,Hold: Worthless,13.75
2025-08-22,3.5,638.34,1.4375,10,TP (50%),7.1875
2025-08-25,0.0,643.85,1.0,10,Hold: Worthless,10.0
2025-08-25,0.5,643.78,1.0625,10,SL,-1.0625
2025-08-25,1.0,643.61,1.125,10,SL,-1.125
2025-08-25,1.5,643.94,1.1875,10,SL,-1.1875
2025-08-25,2.0,643.57,1.25,10,Hold: Worthless,12.5
2025-08-25,2.5,643.35,1.3125,10,Hold: Worthless,13.125
2025-08-25,3.0,643.75,1.375,10,Hold: Worthless,13.75
2025-08-25,3.5,643.745,1.4375,10,Hold: Worthless,14.375
2025-08-26,0.0,642.15,1.0,10,SL,-1.0
2025-08-26,0.5,642.35,1.0625,10,SL,-1.0625
2025-08-26,1.0,641.8,1.125,10,SL,-1.125
2025-08-26,1.5,641.77,1.1875,10,Hold: Worthless,11.875
2025-08-26,2.0,642.13,1.25,10,Hold: Worthless,12.5
2025-08-26,2.5,642.27,1.3125,10,TP (50%),6.5625
2025-08-26,3.0,642.51,1.375,10,Hold: Worthless,13.75
2025-08-26,3.5,642.93,1.4375,10,TP (50%),7.1875
2025-08-27,0.0,645.71,1.0,10,SL,-1.0
2025-08-27,0.5,645.61,1.0625,10,SL,-1.0625
2025-08-27,1.0,645.88,1.125,10,SL,-1.125
2025-08-27,1.5,645.7101,1.1875,10,TP (50%),5.9375
2025-08-27,2.0,645.25,1.25,10,SL,-1.25
2025-08-27,2.5,644.57,1.3125,10,TP (50%),6.5625
2025-08-27,3.0,645.19,1.375,10,SL,-1.375
2025-08-27,3.5,646.08,1.4375,10,TP (50%),7.1875
2025-08-28,0.0,647.02,1.0,10,SL,-1.0
2025-08-28,0.5,646.87,1.0625,10,SL,-1.0625
2025-08-28,1.0,646.45,1.125,10,TP (50%),5.625
2025-08-28,1.5,646.83,1.1875,10,Hold: Worthless,11.875
2025-08-28,2.0,646.55,1.25,10,Hold: Worthless,12.5
2025-08-28,2.5,647.2,1.3125,10,SL,-1.3125
2025-08-28,3.0,647.37,1.375,10,TP (50%),6.875
2025-08-28,3.5,645.75,1.4375,10,SL,-1.4375000000000002
2025-08-29,0.0,647.21,1.0,10,Hold: Worthless,10.0
2025-08-29,0.5,647.25,1.0625,10,TP (50%),5.3125
2025-08-29,1.0,647.11,1.125,10,SL,-1.125
2025-08-29,1.5,647.3,1.1875,10,TP (50%),5.9375
2025-08-29,2.0,647.0,1.25,10,SL,-1.25
2025-08-29,2.5,647.48,1.3125,10,Hold: Worthless,13.125
2025-08-29,3.0,647.6,1.375,10,SL,-1.375
2025-08-29,3.5,647.0051,1.4375,10,TP (50%),7.1875
2025-09-02,0.0,641.91,1.0,10,TP (50%),5.0
2025-09-02,0.5,640.48,1.0625,10,SL,-1.0625
2025-09-02,1.0,640.09,1.125,10,Hold: Worthless,11.25
2025-09-02,1.5,640.05,1.1875,10,Hold: Worthless,11.875
2025-09-02,2.0,639.18,1.25,10,SL,-1.25
2025-09-02,2.5,638.66,1.3125,10,Hold: Worthless,13.125
2025-09-02,3.0,637.55,1.375,10,Hold: Worthless,13.75
2025-09-02,3.5,637.31,1.4375,10,Hold: Worthless,14.375
2025-09-03,0.0,643.11,1.0,10,Hold: Worthless,10.0
2025-09-03,0.5,643.29,1.0625,10,SL,-1.0625
2025-09-03,1.0,643.39,1.125,10,TP (50%),5.625
2025-09-03,1.5,643.63,1.1875,10,TP (50%),5.9375
2025-09-03,2.0,643.26,1.25,10,TP (50%),6.25
2025-09-03,2.5,643.11,1.3125,10,TP (50%),6.5625
2025-09-03,3.0,642.46,1.375,10,TP (50%),6.875
2025-09-03,3.5,642.77,1.4375,10,SL,-1.4375000000000002
2025-09-04,0.0,644.63,1.0,10,TP (50%),5.0
2025-09-04,0.5,644.68,1.0625,10,TP (50%),5.3125
2025-09-04,1.0,645.02,1.125,10,SL,-1.125
2025-09-04,1.5,644.55,1.1875,10,Hold: Worthless,11.875
2025-09-04,2.0,644.07,1.25,10,TP (50%),6.25
2025-09-04,2.5,644.1707,1.3125,10,TP (50%),6.5625
2025-09-04,3.0,644.49,1.375,10,SL,-1.375
2025-09-04,3.5,644.53,1.4375,10,Hold: Worthless,14.375
2025-09-05,0.0,650.55,1.0,10,TP (50%),5.0
2025-09-05,0.5,650.45,1.0625,10,Hold: Worthless,10.625
2025-09-05,1.0,650.57,1.125,10,TP (50%),5.625
2025-09-05,1.5,650.64,1.1875,10,Hold: Worthless,11.875
2025-09-05,2.0,650.11,1.25,10,SL,-1.25
2025-09-05,2.5,650.56,1.3125,10,Hold: Worthless,13.125
2025-09-05,3.0,651.94,1.375,10,SL,-1.375
2025-09-05,3.5,651.5,1.4375,10,TP (50%),7.1875
2025-09-08,0.0,648.43,1.0,10,Hold: Worthless,10.0
2025-09-08,0.5,648.77,1.0625,10,Hold: Worthless,10.625
2025-09-08,1.0,648.74,1.125,10,SL,-1.125
2025-09-08,1.5,648.09,1.1875,10,Hold: Worthless,11.875
2025-09-08,2.0,648.34,1.25,10,Hold: Worthless,12.5
2025-09-08,2.5,648.53,1.3125,10,TP (50%),6.5625
2025-09-08,3.0,648.49,1.375,10,SL,-1.375
2025-09-08,3.5,648.42,1.4375,10,TP (50%),7.1875
2025-09-09,0.0,649.65,1.0,10,SL,-1.0
2025-09-09,0.5,649.31,1.0625,10,TP (50%),5.3125
2025-09-09,1.0,649.56,1.125,10,Hold: Worthless,11.25
2025-09-09,1.5,649.33,1.1875,10,SL,-1.1875
2025-09-09,2.0,649.16,1.25,10,SL,-1.25
2025-09-09,2.5,649.19,1.3125,10,TP (50%),6.5625
2025-09-09,3.0,649.19,1.375,10,Hold: Worthless,13.75
2025-09-09,3.5,647.66,1.4375,10,Hold: Worthless,14.375
2025-09-10,0.0,651.42,1.0,10,Hold: Worthless,10.0
2025-09-10,0.5,652.13,1.0625,10,SL,-1.0625
2025-09-10,1.0,652.37,1.125,10,Hold: Worthless,11.25
2025-09-10,1.5,652.84,1.1875,10,Hold: Worthless,11.875
2025-09-10,2.0,652.5,1.25,10,Hold: Worthless,12.5
2025-09-10,2.5,653.75,1.3125,10,TP (50%),6.5625
2025-09-10,3.0,654.0101,1.375,10,SL,-1.375
2025-09-10,3.5,653.47,1.4375,10,TP (50%),7.1875
2025-09-11,0.0,653.28,1.0,10,SL,-1.0
2025-09-11,0.5,653.57,1.0625,10,SL,-1.0625
2025-09-11,1.0,653.61,1.125,10,SL,-1.125
2025-09-11,1.5,653.66,1.1875,10,TP (50%),5.9375
2025-09-11,2.0,653.73,1.25,10,SL,-1.25
2025-09-11,2.5,653.74,1.3125,10,Hold: Worthless,13.125
2025-09-11,3.0,654.15,1.375,10,TP (50%),6.875
2025-09-11,3.5,655.548,1.4375,10,TP (50%),7.1875
2025-09-12,0.0,657.0,1.0,10,Hold: Worthless,10.0
2025-09-12,0.5,657.18,1.0625,10,Hold: Worthless,10.625
2025-09-12,1.0,657.34,1.125,10,SL,-1.125
2025-09-12,1.5,657.36,1.1875,10,Hold: Worthless,11.875
2025-09-12,2.0,657.35,1.25,10,SL,-1.25
2025-09-12,2.5,657.88,1.3125,10,Hold: Worthless,13.125
2025-09-12,3.0,657.51,1.375,10,SL,-1.375
2025-09-12,3.5,657.91,1.4375,10,SL,-1.4375000000000002
2025-09-15,0.0,658.13,1.0,10,Hold: Worthless,10.0
2025-09-15,0.5,658.58,1.0625,10,SL,-1.0625
2025-09-15,1.0,658.78,1.125,10,Hold: Worthless,11.25
2025-09-15,1.5,658.86,1.1875,10,Hold: Worthless,11.875
2025-09-15,2.0,659.03,1.25,10,Hold: Worthless,12.5
2025-09-15,2.5,659.58,1.3125,10,SL,-1.3125
2025-09-15,3.0,659.94,1.375,10,TP (50%),6.875
2025-09-15,3.5,660.31,1.4375,10,Hold: Worthless,14.375
2025-09-16,0.0,662.33,1.0,10,SL,-1.0
2025-09-16,0.5,662.12,1.0625,10,SL,-1.0625
2025-09-16,1.0,662.06,1.125,10,SL,-1.125
2025-09-16,1.5,661.6,1.1875,10,Hold: Worthless,11.875
2025-09-16,2.0,661.77,1.25,10,TP (50%),6.25
2025-09-16,2.5,661.34,1.3125,10,Hold: Worthless,13.125
2025-09-16,3.0,660.775,1.375,10,TP (50%),6.875
2025-09-16,3.5,659.89,1.4375,10,TP (50%),7.1875
2025-09-17,0.0,659.97,1.0,10,Hold: Worthless,10.0
2025-09-17,0.5,659.54,1.0625,10,SL,-1.0625
2025-09-17,1.0,659.46,1.125,10,Hold: Worthless,11.25
2025-09-17,1.5,659.3817,1.1875,10,TP (50%),5.9375
2025-09-17,2.0,659.8,1.25,10,Hold: Worthless,12.5
2025-09-17,2.5,659.93,1.3125,10,Hold: Worthless,13.125
2025-09-17,3.0,659.91,1.375,10,Hold: Worthless,13.75
2025-09-17,3.5,659.4,1.4375,10,TP (50%),7.1875
2025-09-18,0.0,664.77,1.0,10,TP (50%),5.0
2025-09-18,0.5,664.62,1.0625,10,SL,-1.0625
2025-09-18,1.0,664.14,1.125,10,TP (50%),5.625
2025-09-18,1.5,664.66,1.1875,10,TP (50%),5.9375
2025-09-18,2.0,663.91,1.25,10,SL,-1.25
2025-09-18,2.5,663.81,1.3125,10,TP (50%),6.5625
2025-09-18,3.0,663.5101,1.375,10,Hold: Worthless,13.75
2025-09-18,3.5,662.31,1.4375,10,TP (50%),7.1875
2025-09-19,0.0,661.16,1.0,10,SL,-1.0
2025-09-19,0.5,661.14,1.0625,10,Hold: Worthless,10.625
2025-09-19,1.0,661.17,1.125,10,Hold: Worthless,11.25
2025-09-19,1.5,661.3,1.1875,10,Hold: Worthless,11.875
2025-09-19,2.0,661.65,1.25,10,TP (50%),6.25
2025-09-19,2.5,661.8,1.3125,10,TP (50%),6.5625
2025-09-19,3.0,661.97,1.375,10,SL,-1.375
2025-09-19,3.5,662.5,1.4375,10,SL,-1.4375000000000002
2025-09-22,0.0,661.9,1.0,10,SL,-1.0
2025-09-22,0.5,662.27,1.0625,10,TP (50%),5.3125
2025-09-22,1.0,661.75,1.125,10,SL,-1.125
2025-09-22,1.5,661.6,1.1875,10,Hold: Worthless,11.875
2025-09-22,2.0,661.471,1.25,10,SL,-1.25
2025-09-22,2.5,662.0,1.3125,10,Hold: Worthless,13.125
2025-09-22,3.0,662.0,1.375,10,TP (50%),6.875
2025-09-22,3.5,662.81,1.4375,10,SL,-1.4375000000000002
2025-09-23,0.0,666.88,1.0,10,Hold: Worthless,10.0
2025-09-23,0.5,666.37,1.0625,10,Hold: Worthless,10.625
2025-09-23,1.0,666.43,1.125,10,TP (50%),5.625
2025-09-23,1.5,666.71,1.1875,10,SL,-1.1875
2025-09-23,2.0,666.77,1.25,10,SL,-1.25
2025-09-23,2.5,666.79,1.3125,10,TP (50%),6.5625
2025-09-23,3.0,666.84,1.375,10,SL,-1.375
2025-09-23,3.5,666.96,1.4375,10,SL,-1.4375000000000002
2025-09-24,0.0,664.52,1.0,10,SL,-1.0
2025-09-24,0.5,664.11,1.0625,10,Hold: Worthless,10.625
2025-09-24,1.0,664.49,1.125,10,Hold: Worthless,11.25
2025-09-24,1.5,664.32,1.1875,10,Hold: Worthless,11.875
2025-09-24,2.0,664.24,1.25,10,SL,-1.25
2025-09-24,2.5,664.31,1.3125,10,SL,-1.3125
2025-09-24,3.0,663.58,1.375,10,Hold: Worthless,13.75
2025-09-24,3.5,663.02,1.4375,10,TP (50%),7.1875
2025-09-25,0.0,661.0,1.0,10,SL,-1.0
2025-09-25,0.5,660.6,1.0625,10,SL,-1.0625
2025-09-25,1.0,659.96,1.125,10,SL,-1.125
2025-09-25,1.5,659.22,1.1875,10,SL,-1.1875
2025-09-25,2.0,658.76,1.25,10,TP (50%),6.25
2025-09-25,2.5,658.78,1.3125,10,Hold: Worthless,13.125
2025-09-25,3.0,657.6999,1.375,10,Hold: Worthless,13.75
2025-09-25,3.5,657.86,1.4375,10,Hold: Worthless,14.375
2025-09-26,0.0,658.26,1.0,10,TP (50%),5.0
2025-09-26,0.5,658.04,1.0625,10,Hold: Worthless,10.625
2025-09-26,1.0,658.34,1.125,10,SL,-1.125
2025-09-26,1.5,658.56,1.1875,10,Hold: Worthless,11.875
2025-09-26,2.0,660.41,1.25,10,SL,-1.25
2025-09-26,2.5,659.89,1.3125,10,SL,-1.3125
2025-09-26,3.0,660.6921,1.375,10,Hold: Worthless,13.75
2025-09-26,3.5,660.87,1.4375,10,Hold: Worthless,14.375
2025-09-29,0.0,665.17,1.0,10,SL,-1.0
2025-09-29,0.5,665.07,1.0625,10,Hold: Worthless,10.625
2025-09-29,1.0,665.4,1.125,10,SL,-1.125
2025-09-29,1.5,664.73,1.1875,10,Hold: Worthless,11.875
2025-09-29,2.0,664.88,1.25,10,SL,-1.25
2025-09-29,2.5,665.01,1.3125,10,TP (50%),6.5625
2025-09-29,3.0,665.6,1.375,10,TP (50%),6.875
2025-09-29,3.5,664.29,1.4375,10,SL,-1.4375000000000002
2025-09-30,0.0,662.78,1.0,10,SL,-1.0
2025-09-30,0.5,662.1,1.0625,10,SL,-1.0625
2025-09-30,1.0,662.65,1.125,10,Hold: Worthless,11.25
2025-09-30,1.5,662.63,1.1875,10,SL,-1.1875
2025-09-30,2.0,662.37,1.25,10,TP (50%),6.25
2025-09-30,2.5,663.23,1.3125,10,SL,-1.3125
2025-09-30,3.0,662.92,1.375,10,SL,-1.375
2025-09-30,3.5,662.56,1.4375,10,Hold: Worthless,14.375
2025-10-01,0.0,662.86,1.0,10,TP (50%),5.0
2025-10-01,0.5,662.91,1.0625,10,Hold: Worthless,10.625
2025-10-01,1.0,662.46,1.125,10,Hold: Worthless,11.25
2025-10-01,1.5,663.27,1.1875,10,TP (50%),5.9375
2025-10-01,2.0,663.96,1.25,10,SL,-1.25
2025-10-01,2.5,663.4,1.3125,10,Hold: Worthless,13.125
2025-10-01,3.0,663.59,1.375,10,SL,-1.375
2025-10-01,3.5,663.26,1.4375,10,Hold: Worthless,14.375
2025-10-02,0.0,669.43,1.0,10,TP (50%),5.0
2025-10-02,0.5,669.77,1.0625,10,TP (50%),5.3125
2025-10-02,1.0,669.94,1.125,10,SL,-1.125
2025-10-02,1.5,670.099,1.1875,10,TP (50%),5.9375
2025-10-02,2.0,670.6,1.25,10,Hold: Worthless,12.5
2025-10-02,2.5,670.31,1.3125,10,Hold: Worthless,13.125
2025-10-02,3.0,670.61,1.375,10,SL,-1.375
2025-10-02,3.5,668.95,1.4375,10,TP (50%),7.1875
2025-10-03,0.0,671.13,1.0,10,SL,-1.0
2025-10-03,0.5,671.0,1.0625,10,Hold: Worthless,10.625
2025-10-03,1.0,670.64,1.125,10,TP (50%),5.625
2025-10-03,1.5,670.68,1.1875,10,SL,-1.1875
2025-10-03,2.0,670.08,1.25,10,Hold: Worthless,12.5
2025-10-03,2.5,669.97,1.3125,10,SL,-1.3125
2025-10-03,3.0,669.96,1.375,10,SL,-1.375
2025-10-03,3.5,670.92,1.4375,10,SL,-1.4375000000000002
2025-10-06,0.0,671.38,1.0,10,TP (50%),5.0
2025-10-06,0.5,671.5,1.0625,10,SL,-1.0625
2025-10-06,1.0,671.92,1.125,10,Hold: Worthless,11.25
2025-10-06,1.5,671.27,1.1875,10,Hold: Worthless,11.875
2025-10-06,2.0,671.07,1.25,10,Hold: Worthless,12.5
2025-10-06,2.5,671.64,1.3125,10,SL,-1.3125
2025-10-06,3.0,671.02,1.375,10,Hold: Worthless,13.75
2025-10-06,3.5,671.28,1.4375,10,Hold: Worthless,14.375
2025-10-07,0.0,671.48,1.0,10,TP (50%),5.0
2025-10-07,0.5,671.84,1.0625,10,TP (50%),5.3125
2025-10-07,1.0,671.48,1.125,10,SL,-1.125
2025-10-07,1.5,671.84,1.1875,10,SL,-1.1875
2025-10-07,2.0,672.24,1.25,10,SL,-1.25
2025-10-07,2.5,672.71,1.3125,10,Hold: Worthless,13.125
2025-10-07,3.0,672.56,1.375,10,TP (50%),6.875
2025-10-07,3.5,672.02,1.4375,10,Hold: Worthless,14.375
2025-10-08,0.0,670.18,1.0,10,TP (50%),5.0
2025-10-08,0.5,670.29,1.0625,10,TP (50%),5.3125
2025-10-08,1.0,669.72,1.125,10,TP (50%),5.625
2025-10-08,1.5,670.3,1.1875,10,TP (50%),5.9375
2025-10-08,2.0,669.78,1.25,10,SL,-1.25
2025-10-08,2.5,670.1,1.3125,10,Hold: Worthless,13.125
2025-10-08,3.0,670.24,1.375,10,SL,-1.375
2025-10-08,3.5,671.15,1.4375,10,TP (50%),7.1875
2025-10-09,0.0,673.08,1.0,10,SL,-1.0
2025-10-09,0.5,672.74,1.0625,10,SL,-1.0625
2025-10-09,1.0,673.16,1.125,10,TP (50%),5.625
2025-10-09,1.5,673.181,1.1875,10,Hold: Worthless,11.875
2025-10-09,2.0,673.24,1.25,10,Hold: Worthless,12.5
2025-10-09,2.5,673.45,1.3125,10,TP (50%),6.5625
2025-10-09,3.0,673.53,1.375,10,Hold: Worthless,13.75
2025-10-09,3.5,671.915,1.4375,10,SL,-1.4375000000000002
2025-10-10,0.0,671.5,1.0,10,Hold: Worthless,10.0
2025-10-10,0.5,671.23,1.0625,10,TP (50%),5.3125
2025-10-10,1.0,671.2,1.125,10,Hold: Worthless,11.25
2025-10-10,1.5,671.84,1.1875,10,SL,-1.1875
2025-10-10,2.0,672.09,1.25,10,TP (50%),6.25
2025-10-10,2.5,672.1,1.3125,10,Hold: Worthless,13.125
2025-10-10,3.0,671.57,1.375,10,SL,-1.375
2025-10-10,3.5,671.77,1.4375,10,SL,-1.4375000000000002
2025-10-13,0.0,661.95,1.0,10,TP (50%),5.0
2025-10-13,0.5,661.52,1.0625,10,SL,-1.0625
2025-10-13,1.0,661.25,1.125,10,Hold: Worthless,11.25
2025-10-13,1.5,660.06,1.1875,10,Hold: Worthless,11.875
2025-10-13,2.0,660.23,1.25,10,SL,-1.25
2025-10-13,2.5,660.11,1.3125,10,SL,-1.3125
2025-10-13,3.0,660.83,1.375,10,Hold: Worthless,13.75
2025-10-13,3.5,661.15,1.4375,10,TP (50%),7.1875
2025-10-14,0.0,658.13,1.0,10,Hold: Worthless,10.0
2025-10-14,0.5,657.23,1.0625,10,SL,-1.0625
2025-10-14,1.0,656.08,1.125,10,Hold: Worthless,11.25
2025-10-14,1.5,656.67,1.1875,10,TP (50%),5.9375
2025-10-14,2.0,657.68,1.25,10,SL,-1.25
2025-10-14,2.5,657.08,1.3125,10,SL,-1.3125
2025-10-14,3.0,656.41,1.375,10,SL,-1.375
2025-10-14,3.5,657.59,1.4375,10,Hold: Worthless,14.375
2025-10-15,0.0,665.88,1.0,10,SL,-1.0
2025-10-15,0.5,666.21,1.0625,10,TP (50%),5.3125
2025-10-15,1.0,666.77,1.125,10,SL,-1.125
2025-10-15,1.5,666.56,1.1875,10,TP (50%),5.9375
2025-10-15,2.0,666.57,1.25,10,TP (50%),6.25
2025-10-15,2.5,666.99,1.3125,10,TP (50%),6.5625
2025-10-15,3.0,667.29,1.375,10,TP (50%),6.875
2025-10-15,3.5,666.34,1.4375,10,SL,-1.4375000000000002
2025-10-16,0.0,666.87,1.0,10,Hold: Worthless,10.0
2025-10-16,0.5,667.61,1.0625,10,SL,-1.0625
2025-10-16,1.0,667.91,1.125,10,SL,-1.125
2025-10-16,1.5,667.72,1.1875,10,SL,-1.1875
2025-10-16,2.0,667.72,1.25,10,SL,-1.25
2025-10-16,2.5,667.25,1.3125,10,Hold: Worthless,13.125
2025-10-16,3.0,668.1495,1.375,10,SL,-1.375
2025-10-16,3.5,667.87,1.4375,10,TP (50%),7.1875
2025-10-17,0.0,654.41,1.0,10,SL,-1.0
2025-10-17,0.5,654.0,1.0625,10,TP (50%),5.3125
2025-10-17,1.0,654.02,1.125,10,Hold: Worthless,11.25
2025-10-17,1.5,656.1,1.1875,10,Hold: Worthless,11.875
2025-10-17,2.0,658.66,1.25,10,Hold: Worthless,12.5
2025-10-17,2.5,659.63,1.3125,10,TP (50%),6.5625
2025-10-17,3.0,660.23,1.375,10,TP (50%),6.875
2025-10-17,3.5,659.84,1.4375,10,Hold: Worthless,14.375
2025-10-20,0.0,666.53,1.0,10,SL,-1.0
2025-10-20,0.5,666.54,1.0625,10,TP (50%),5.3125
2025-10-20,1.0,665.74,1.125,10,TP (50%),5.625
2025-10-20,1.5,665.851,1.1875,10,SL,-1.1875
2025-10-20,2.0,666.29,1.25,10,Hold: Worthless,12.5
2025-10-20,2.5,666.76,1.3125,10,SL,-1.3125
2025-10-20,3.0,667.32,1.375,10,SL,-1.375
2025-10-20,3.5,668.97,1.4375,10,TP (50%),7.1875
2025-10-21,0.0,670.82,1.0,10,SL,-1.0
2025-10-21,0.5,670.79,1.0625,10,SL,-1.0625
2025-10-21,1.0,671.17,1.125,10,Hold: Worthless,11.25
2025-10-21,1.5,671.63,1.1875,10,TP (50%),5.9375
2025-10-21,2.0,671.76,1.25,10,TP (50%),6.25
2025-10-21,2.5,671.67,1.3125,10,SL,-1.3125
2025-10-21,3.0,671.15,1.375,10,TP (50%),6.875
2025-10-21,3.5,671.15,1.4375,10,Hold: Worthless,14.375
2025-10-22,0.0,671.62,1.0,10,TP (50%),5.0
2025-10-22,0.5,672.25,1.0625,10,SL,-1.0625
2025-10-22,1.0,671.39,1.125,10,TP (50%),5.625
2025-10-22,1.5,671.34,1.1875,10,SL,-1.1875
2025-10-22,2.0,671.63,1.25,10,TP (50%),6.25
2025-10-22,2.5,672.03,1.3125,10,SL,-1.3125
2025-10-22,3.0,671.98,1.375,10,TP (50%),6.875
2025-10-22,3.5,671.3,1.4375,10,Hold: Worthless,14.375
2025-10-23,0.0,667.86,1.0,10,SL,-1.0
2025-10-23,0.5,668.29,1.0625,10,TP (50%),5.3125
2025-10-23,1.0,667.66,1.125,10,SL,-1.125
2025-10-23,1.5,666.68,1.1875,10,SL,-1.1875
2025-10-23,2.0,666.78,1.25,10,TP (50%),6.25
2025-10-23,2.5,667.37,1.3125,10,TP (50%),6.5625
2025-10-23,3.0,667.73,1.375,10,SL,-1.375
2025-10-23,3.5,670.26,1.4375,10,TP (50%),7.1875
2025-10-24,0.0,674.06,1.0,10,TP (50%),5.0
2025-10-24,0.5,673.94,1.0625,10,TP (50%),5.3125
2025-10-24,1.0,673.83,1.125,10,Hold: Worthless,11.25
2025-10-24,1.5,673.74,1.1875,10,SL,-1.1875
2025-10-24,2.0,674.21,1.25,10,Hold: Worthless,12.5
2025-10-24,2.5,676.28,1.3125,10,TP (50%),6.5625
2025-10-24,3.0,675.93,1.375,10,SL,-1.375
2025-10-24,3.5,677.01,1.4375,10,TP (50%),7.1875
2025-10-27,0.0,682.39,1.0,10,SL,-1.0
2025-10-27,0.5,682.92,1.0625,10,TP (50%),5.3125
2025-10-27,1.0,683.15,1.125,10,Hold: Worthless,11.25
2025-10-27,1.5,682.91,1.1875,10,TP (50%),5.9375
2025-10-27,2.0,682.41,1.25,10,TP (50%),6.25
2025-10-27,2.5,682.78,1.3125,10,SL,-1.3125
2025-10-27,3.0,682.72,1.375,10,SL,-1.375
2025-10-27,3.5,682.93,1.4375,10,Hold: Worthless,14.375
2025-10-28,0.0,685.03,1.0,10,Hold: Worthless,10.0
2025-10-28,0.5,685.31,1.0625,10,Hold: Worthless,10.625
2025-10-28,1.0,685.23,1.125,10,TP (50%),5.625
2025-10-28,1.5,685.78,1.1875,10,Hold: Worthless,11.875
2025-10-28,2.0,686.0,1.25,10,Hold: Worthless,12.5
2025-10-28,2.5,686.22,1.3125,10,Hold: Worthless,13.125
2025-10-28,3.0,687.11,1.375,10,Hold: Worthless,13.75
2025-10-28,3.5,686.0351,1.4375,10,SL,-1.4375000000000002
2025-10-29,0.0,687.82,1.0,10,TP (50%),5.0
2025-10-29,0.5,688.52,1.0625,10,SL,-1.0625
2025-10-29,1.0,688.44,1.125,10,Hold: Worthless,11.25
2025-10-29,1.5,689.15,1.1875,10,Hold: Worthless,11.875
2025-10-29,2.0,688.92,1.25,10,Hold: Worthless,12.5
2025-10-29,2.5,688.5207,1.3125,10,SL,-1.3125
2025-10-29,3.0,688.9,1.375,10,TP (50%),6.875
2025-10-29,3.5,688.99,1.4375,10,SL,-1.4375000000000002
2025-10-30,0.0,686.29,1.0,10,Hold: Worthless,10.0
2025-10-30,0.5,685.84,1.0625,10,Hold: Worthless,10.625
2025-10-30,1.0,686.41,1.125,10,SL,-1.125
2025-10-30,1.5,687.04,1.1875,10,TP (50%),5.9375
2025-10-30,2.0,686.77,1.25,10,SL,-1.25
2025-10-30,2.5,685.11,1.3125,10,SL,-1.3125
2025-10-30,3.0,683.54,1.375,10,SL,-1.375
2025-10-30,3.5,683.2,1.4375,10,SL,-1.4375000000000002
2025-10-31,0.0,685.06,1.0,10,TP (50%),5.0
2025-10-31,0.5,684.7,1.0625,10,SL,-1.0625
2025-10-31,1.0,684.72,1.125,10,SL,-1.125
2025-10-31,1.5,685.2,1.1875,10,SL,-1.1875
2025-10-31,2.0,685.55,1.25,10,SL,-1.25
2025-10-31,2.5,686.37,1.3125,10,Hold: Worthless,13.125
2025-10-31,3.0,685.4287,1.375,10,Hold: Worthless,13.75
2025-10-31,3.5,685.03,1.4375,10,SL,-1.4375000000000002
2025-11-03,0.0,685.05,1.0,10,TP (50%),5.0
2025-11-03,0.5,684.49,1.0625,10,TP (50%),5.3125
2025-11-03,1.0,684.53,1.125,10,TP (50%),5.625
2025-11-03,1.5,684.97,1.1875,10,Hold: Worthless,11.875
2025-11-03,2.0,684.64,1.25,10,SL,-1.25
2025-11-03,2.5,684.74,1.3125,10,Hold: Worthless,13.125
2025-11-03,3.0,684.44,1.375,10,TP (50%),6.875
2025-11-03,3.5,683.86,1.4375,10,Hold: Worthless,14.375
2025-11-04,0.0,675.9,1.0,10,SL,-1.0
2025-11-04,0.5,674.3,1.0625,10,SL,-1.0625
2025-11-04,1.0,675.45,1.125,10,Hold: Worthless,11.25
2025-11-04,1.5,676.59,1.1875,10,Hold: Worthless,11.875
2025-11-04,2.0,676.87,1.25,10,SL,-1.25
2025-11-04,2.5,676.18,1.3125,10,SL,-1.3125
2025-11-04,3.0,677.14,1.375,10,Hold: Worthless,13.75
2025-11-04,3.5,677.54,1.4375,10,TP (50%),7.1875
2025-11-05,0.0,674.35,1.0,10,Hold: Worthless,10.0
2025-11-05,0.5,674.55,1.0625,10,SL,-1.0625
2025-11-05,1.0,674.0,1.125,10,TP (50%),5.625
2025-11-05,1.5,673.1,1.1875,10,SL,-1.1875
2025-11-05,2.0,674.03,1.25,10,Hold: Worthless,12.5
2025-11-05,2.5,674.2,1.3125,10,SL,-1.3125
2025-11-05,3.0,674.1,1.375,10,TP (50%),6.875
2025-11-05,3.5,674.53,1.4375,10,Hold: Worthless,14.375
2025-11-06,0.0,677.85,1.0,10,SL,-1.0
2025-11-06,0.5,677.73,1.0625,10,Hold: Worthless,10.625
2025-11-06,1.0,678.25,1.125,10,TP (50%),5.625
2025-11-06,1.5,678.1,1.1875,10,TP (50%),5.9375
2025-11-06,2.0,678.33,1.25,10,SL,-1.25
2025-11-06,2.5,678.76,1.3125,10,Hold: Worthless,13.125
2025-11-06,3.0,678.9,1.375,10,Hold: Worthless,13.75
2025-11-06,3.5,679.18,1.4375,10,TP (50%),7.1875
2025-11-07,0.0,671.24,1.0,10,TP (50%),5.0
2025-11-07,0.5,670.75,1.0625,10,SL,-1.0625
2025-11-07,1.0,670.1,1.125,10,SL,-1.125
2025-11-07,1.5,669.6,1.1875,10,TP (50%),5.9375
2025-11-07,2.0,667.42,1.25,10,SL,-1.25
2025-11-07,2.5,668.95,1.3125,10,SL,-1.3125
2025-11-07,3.0,668.11,1.375,10,Hold: Worthless,13.75
2025-11-07,3.5,666.95,1.4375,10,SL,-1.4375000000000002
2025-11-10,0.0,677.34,1.0,10,Hold: Worthless,10.0
2025-11-10,0.5,677.37,1.0625,10,TP (50%),5.3125
2025-11-10,1.0,677.66,1.125,10,SL,-1.125
2025-11-10,1.5,677.18,1.1875,10,SL,-1.1875
2025-11-10,2.0,677.21,1.25,10,Hold: Worthless,12.5
2025-11-10,2.5,677.15,1.3125,10,SL,-1.3125
2025-11-10,3.0,677.04,1.375,10,SL,-1.375
2025-11-10,3.5,677.08,1.4375,10,SL,-1.4375000000000002
2025-11-11,0.0,680.23,1.0,10,SL,-1.0
2025-11-11,0.5,679.66,1.0625,10,TP (50%),5.3125
2025-11-11,1.0,680.03,1.125,10,Hold: Worthless,11.25
2025-11-11,1.5,680.15,1.1875,10,SL,-1.1875
2025-11-11,2.0,680.17,1.25,10,Hold: Worthless,12.5
2025-11-11,2.5,679.56,1.3125,10,Hold: Worthless,13.125
2025-11-11,3.0,680.1,1.375,10,Hold: Worthless,13.75
2025-11-11,3.5,679.73,1.4375,10,SL,-1.4375000000000002
2025-11-25,0.0,667.33,1.0,10,Hold: Worthless,10.0
2025-11-25,0.5,667.6,1.0625,10,Hold: Worthless,10.625
2025-11-25,1.0,668.22,1.125,10,TP (50%),5.625
2025-11-25,1.5,668.12,1.1875,10,SL,-1.1875
2025-11-25,2.0,668.1,1.25,10,SL,-1.25
2025-11-25,2.5,668.825,1.3125,10,Hold: Worthless,13.125
2025-11-25,3.0,668.9,1.375,10,TP (50%),6.875
2025-11-25,3.5,669.74,1.4375,10,TP (50%),7.1875
2025-11-26,0.0,676.68,1.0,10,TP (50%),5.0
2025-11-26,0.5,676.86,1.0625,10,Hold: Worthless,10.625
2025-11-26,1.0,677.24,1.125,10,Hold: Worthless,11.25
2025-11-26,1.5,677.36,1.1875,10,TP (50%),5.9375
2025-11-26,2.0,677.18,1.25,10,TP (50%),6.25
2025-11-26,2.5,676.26,1.3125,10,TP (50%),6.5625
2025-11-26,3.0,676.361,1.375,10,TP (50%),6.875
2025-11-26,3.5,676.92,1.4375,10,TP (50%),7.1875
2025-11-28,0.0,681.71,1.0,10,Hold: Worthless,10.0
2025-11-28,0.5,681.7,1.0625,10,SL,-1.0625
2025-11-28,1.0,681.58,1.125,10,SL,-1.125
2025-11-28,1.5,681.61,1.1875,10,SL,-1.1875
2025-11-28,2.0,681.47,1.25,10,SL,-1.25
2025-11-28,2.5,682.03,1.3125,10,TP (50%),6.5625
2025-11-28,3.0,681.81,1.375,10,Hold: Worthless,13.75
2025-11-28,3.5,681.57,1.4375,10,Hold: Worthless,14.375
2025-12-01,0.0,679.88,1.0,10,TP (50%),5.0
2025-12-01,0.5,679.15,1.0625,10,TP (50%),5.3125
2025-12-01,1.0,679.62,1.125,10,TP (50%),5.625
2025-12-01,1.5,679.23,1.1875,10,TP (50%),5.9375
2025-12-01,2.0,679.32,1.25,10,SL,-1.25
2025-12-01,2.5,678.74,1.3125,10,Hold: Worthless,13.125
2025-12-01,3.0,678.37,1.375,10,Hold: Worthless,13.75
2025-12-01,3.5,678.81,1.4375,10,SL,-1.4375000000000002
