symbol,trade_date,entry_time,close_entry,time_only_entry,volume_entry,exit_time,close_exit,volume_exit,profit,profit_pct,win
SPXW250305P05350000,2025-03-05,12:32,0.05,12:32,25,2025-03-05 15:10:00,0.05,2,0.0,0.0,False
SPXW250305P05360000,2025-03-05,13:59,0.1,13:59,4,2025-03-05 15:39:00,0.03,1,0.07,70.0,True
SPXW250305P05375000,2025-03-05,13:52,0.1,13:52,10,2025-03-05 15:38:00,0.03,2,0.07,70.0,True
SPXW250305P05380000,2025-03-05,13:53,0.1,13:53,2,2025-03-05 15:35:00,0.03,1,0.07,70.0,True
SPXW250305P05390000,2025-03-05,13:11,0.1,13:11,2,2025-03-05 15:35:00,0.05,5,0.05,50.0,True
SPXW250305P05400000,2025-03-05,12:57,0.1,12:57,50,2025-03-05 15:52:00,0.03,1,0.07,70.0,True
SPXW250305P05410000,2025-03-05,12:47,0.1,12:47,88,2025-03-05 16:00:00,0.03,1,0.07,70.0,True
SPXW250307P05350000,2025-03-07,11:46,0.05,11:46,2,2025-03-07 15:42:00,0.05,2,0.0,0.0,False
SPXW250307P05360000,2025-03-07,13:41,0.05,13:41,10,2025-03-07 15:56:00,0.05,4,0.0,0.0,False
SPXW250307P05370000,2025-03-07,13:16,0.1,13:16,63,2025-03-07 15:52:00,0.05,3,0.05,50.0,True
SPXW250307P05390000,2025-03-07,13:30,0.2,13:30,1,2025-03-07 15:50:00,0.05,1,0.15000000000000002,75.00000000000001,True
SPXW250307P05400000,2025-03-07,13:15,0.17,13:15,2,2025-03-07 15:56:00,0.08,95,0.09000000000000001,52.94117647058824,True
SPXW250307P05405000,2025-03-07,13:29,0.15,13:29,4,2025-03-07 15:47:00,0.05,1,0.09999999999999999,66.66666666666666,True
SPXW250307P05410000,2025-03-07,13:28,0.2,13:28,1,2025-03-07 15:54:00,0.1,7,0.1,50.0,True
SPXW250310P05375000,2025-03-10,11:19,0.05,11:19,63,2025-03-10 15:01:00,0.03,2,0.020000000000000004,40.00000000000001,True
SPXW250310P05380000,2025-03-10,11:20,0.05,11:20,31,2025-03-10 15:19:00,0.05,1,0.0,0.0,False
SPXW250310P05395000,2025-03-10,13:31,0.05,13:31,6,2025-03-10 15:19:00,0.05,1,0.0,0.0,False
SPXW250310P05400000,2025-03-10,11:57,0.1,11:57,1,2025-03-10 15:50:00,0.05,3,0.05,50.0,True
SPXW250310P05405000,2025-03-10,13:31,0.05,13:31,4,2025-03-10 15:26:00,0.05,1,0.0,0.0,False
SPXW250310P05410000,2025-03-10,12:33,0.1,12:33,1,2025-03-10 15:26:00,0.05,5,0.05,50.0,True
SPXW250310P05415000,2025-03-10,12:09,0.1,12:09,49,2025-03-10 15:59:00,0.05,26,0.05,50.0,True
SPXW250310P05420000,2025-03-10,12:27,0.15,12:27,1,2025-03-10 16:00:00,0.05,62,0.09999999999999999,66.66666666666666,True
SPXW250312C05345000,2025-03-12,13:59,255.0,13:59,4,2025-03-12 15:17:00,217.8,6,37.19999999999999,14.588235294117643,True
SPXW250312C05405000,2025-03-12,13:30,219.55,13:30,1,2025-03-12 15:17:00,155.8,10,63.75,29.036665907538143,True
SPXW250312C05410000,2025-03-12,13:30,214.6,13:30,1,2025-03-12 15:08:00,137.35,10,77.25,35.99720410065238,True
SPXW250312C05420000,2025-03-12,11:34,201.9,11:34,5,2025-03-12 15:02:00,137.25,10,64.65,32.02080237741456,True
SPXW250312P05320000,2025-03-12,13:12,0.06,13:12,15,2025-03-12 15:27:00,0.05,200,0.009999999999999995,16.66666666666666,True
SPXW250312P05325000,2025-03-12,11:52,0.1,11:52,2,2025-03-12 15:53:00,0.05,3,0.05,50.0,True
SPXW250312P05330000,2025-03-12,10:09,0.05,10:09,1,2025-03-12 15:58:00,0.03,1,0.020000000000000004,40.00000000000001,True
SPXW250312P05335000,2025-03-12,11:20,0.1,11:20,1,2025-03-12 15:49:00,0.05,10,0.05,50.0,True
SPXW250312P05340000,2025-03-12,11:23,0.1,11:23,1,2025-03-12 15:56:00,0.05,1,0.05,50.0,True
SPXW250312P05345000,2025-03-12,10:07,0.12,10:07,3,2025-03-12 15:57:00,0.03,150,0.09,75.0,True
SPXW250312P05350000,2025-03-12,11:33,0.1,11:33,3,2025-03-12 15:57:00,0.05,35,0.05,50.0,True
SPXW250312P05355000,2025-03-12,12:36,0.15,12:36,1,2025-03-12 16:00:00,0.03,14,0.12,80.0,True
SPXW250312P05360000,2025-03-12,10:04,0.12,10:04,1,2025-03-12 16:00:00,0.05,28,0.06999999999999999,58.33333333333333,True
SPXW250312P05365000,2025-03-12,10:21,0.15,10:21,14,2025-03-12 16:00:00,0.05,2,0.09999999999999999,66.66666666666666,True
SPXW250312P05370000,2025-03-12,10:13,0.17,10:13,1,2025-03-12 15:59:00,0.07,1,0.1,58.82352941176471,True
SPXW250312P05375000,2025-03-12,10:10,0.2,10:10,1,2025-03-12 15:59:00,0.05,1,0.15000000000000002,75.00000000000001,True
SPXW250312P05380000,2025-03-12,10:04,0.2,10:04,3,2025-03-12 15:54:00,0.07,2,0.13,65.0,True
SPXW250312P05385000,2025-03-12,10:04,0.2,10:04,3,2025-03-12 15:56:00,0.07,7,0.13,65.0,True
SPXW250312P05390000,2025-03-12,10:10,0.3,10:10,1,2025-03-12 15:58:00,0.05,1,0.25,83.33333333333334,True
SPXW250312P05395000,2025-03-12,10:07,0.32,10:07,3,2025-03-12 15:47:00,0.07,10,0.25,78.125,True
SPXW250312P05400000,2025-03-12,10:37,0.4,10:37,1,2025-03-12 16:00:00,0.05,3,0.35000000000000003,87.5,True
SPXW250312P05405000,2025-03-12,12:06,0.35,12:06,1,2025-03-12 16:00:00,0.07,3,0.27999999999999997,80.0,True
SPXW250312P05410000,2025-03-12,10:04,0.42,10:04,1,2025-03-12 15:58:00,0.1,2,0.31999999999999995,76.19047619047619,True
SPXW250312P05415000,2025-03-12,10:06,0.6,10:06,1,2025-03-12 16:00:00,0.1,6,0.5,83.33333333333334,True
SPXW250312P05420000,2025-03-12,10:18,0.75,10:18,1,2025-03-12 16:00:00,0.1,10,0.65,86.66666666666667,True
SPXW250314C05390000,2025-03-14,13:37,196.3,13:37,1,2025-03-14 15:46:00,233.3,5,-37.0,-18.848700967906264,False
SPXW250314C05400000,2025-03-14,11:50,175.69,11:50,1,2025-03-14 15:55:00,225.2,3,-49.50999999999999,-28.18031760487221,False
SPXW250314C05405000,2025-03-14,11:51,170.3,11:51,2,2025-03-14 15:33:00,219.35,1,-49.04999999999998,-28.80211391661772,False
SPXW250314C05410000,2025-03-14,13:59,182.95,13:59,1,2025-03-14 15:41:00,217.37,3,-34.420000000000016,-18.81388357474721,False
SPXW250314C05420000,2025-03-14,13:32,148.12,13:32,1,2025-03-14 15:33:00,203.9,1,-55.78,-37.65865514447745,False
SPXW250314P05325000,2025-03-14,13:18,0.1,13:18,3,2025-03-14 15:41:00,0.05,1,0.05,50.0,True
SPXW250314P05330000,2025-03-14,10:12,0.17,10:12,3,2025-03-14 15:40:00,0.07,2,0.1,58.82352941176471,True
SPXW250314P05335000,2025-03-14,12:19,0.13,12:19,80,2025-03-14 15:34:00,0.07,2,0.06,46.15384615384615,True
SPXW250314P05340000,2025-03-14,10:32,0.2,10:32,4,2025-03-14 15:57:00,0.05,20,0.15000000000000002,75.00000000000001,True
SPXW250314P05345000,2025-03-14,10:15,0.22,10:15,1,2025-03-14 15:56:00,0.1,2,0.12,54.54545454545454,True
SPXW250314P05350000,2025-03-14,10:05,0.25,10:05,1,2025-03-14 15:56:00,0.1,2,0.15,60.0,True
SPXW250314P05355000,2025-03-14,12:23,0.2,12:23,2,2025-03-14 15:56:00,0.1,2,0.1,50.0,True
SPXW250314P05360000,2025-03-14,10:12,0.31,10:12,50,2025-03-14 15:57:00,0.1,20,0.21,67.74193548387096,True
SPXW250314P05365000,2025-03-14,10:07,0.32,10:07,10,2025-03-14 15:56:00,0.1,2,0.22,68.75,True
SPXW250314P05370000,2025-03-14,10:13,0.35,10:13,2,2025-03-14 15:53:00,0.07,1,0.27999999999999997,80.0,True
SPXW250314P05375000,2025-03-14,10:01,0.37,10:01,2,2025-03-14 15:48:00,0.1,1,0.27,72.97297297297298,True
SPXW250314P05380000,2025-03-14,10:12,0.43,10:12,5,2025-03-14 15:59:00,0.1,1,0.32999999999999996,76.74418604651162,True
SPXW250314P05385000,2025-03-14,10:03,0.45,10:03,3,2025-03-14 16:00:00,0.05,7,0.4,88.8888888888889,True
SPXW250314P05390000,2025-03-14,10:06,0.5,10:06,1,2025-03-14 16:00:00,0.07,15,0.43,86.0,True
SPXW250314P05400000,2025-03-14,10:01,0.7,10:01,6,2025-03-14 15:59:00,0.11,1,0.59,84.28571428571429,True
SPXW250314P05405000,2025-03-14,10:32,0.87,10:32,1,2025-03-14 15:57:00,0.1,7,0.77,88.50574712643679,True
SPXW250314P05410000,2025-03-14,10:01,0.85,10:01,1,2025-03-14 16:00:00,0.1,3,0.75,88.23529411764706,True
SPXW250314P05415000,2025-03-14,10:06,1.0,10:06,21,2025-03-14 15:57:00,0.1,2,0.9,90.0,True
SPXW250314P05420000,2025-03-14,10:07,1.1,10:07,22,2025-03-14 16:00:00,0.15,1,0.9500000000000001,86.36363636363636,True
SPXW250314P05425000,2025-03-14,10:16,1.4,10:16,1,2025-03-14 16:00:00,0.12,1,1.2799999999999998,91.42857142857143,True
SPXW250317P05360000,2025-03-17,11:42,0.07,11:42,1,2025-03-17 15:33:00,0.03,1,0.04000000000000001,57.14285714285715,True
SPXW250317P05365000,2025-03-17,13:30,0.05,13:30,3,2025-03-17 15:03:00,0.03,1,0.020000000000000004,40.00000000000001,True
SPXW250317P05375000,2025-03-17,10:19,0.1,10:19,4,2025-03-17 15:15:00,0.05,2,0.05,50.0,True
SPXW250317P05380000,2025-03-17,10:19,0.1,10:19,1,2025-03-17 15:33:00,0.04,1,0.060000000000000005,60.0,True
SPXW250317P05400000,2025-03-17,10:12,0.15,10:12,30,2025-03-17 15:43:00,0.05,1,0.09999999999999999,66.66666666666666,True
SPXW250317P05405000,2025-03-17,10:08,0.15,10:08,1,2025-03-17 15:27:00,0.05,250,0.09999999999999999,66.66666666666666,True
SPXW250317P05410000,2025-03-17,11:30,0.12,11:30,12,2025-03-17 15:33:00,0.05,2,0.06999999999999999,58.33333333333333,True
SPXW250317P05415000,2025-03-17,10:18,0.15,10:18,1,2025-03-17 15:52:00,0.03,1,0.12,80.0,True
SPXW250317P05420000,2025-03-17,10:19,0.19,10:19,10,2025-03-17 15:51:00,0.05,25,0.14,73.6842105263158,True
SPXW250317P05425000,2025-03-17,10:12,0.25,10:12,1,2025-03-17 15:58:00,0.05,6,0.2,80.0,True
SPXW250317P05430000,2025-03-17,10:11,0.3,10:11,1,2025-03-17 16:00:00,0.05,8,0.25,83.33333333333334,True
SPXW250319C05345000,2025-03-19,13:54,304.0,13:54,14,2025-03-19 15:18:00,300.09,2,3.910000000000025,1.2861842105263241,True
SPXW250319P05335000,2025-03-19,13:49,0.05,13:49,109,2025-03-19 16:00:00,0.05,22,0.0,0.0,False
SPXW250319P05340000,2025-03-19,13:49,0.05,13:49,101,2025-03-19 15:58:00,0.05,74,0.0,0.0,False
SPXW250319P05350000,2025-03-19,10:11,0.05,10:11,12,2025-03-19 15:57:00,0.05,123,0.0,0.0,False
SPXW250319P05360000,2025-03-19,13:49,0.05,13:49,350,2025-03-19 15:49:00,0.05,219,0.0,0.0,False
SPXW250319P05365000,2025-03-19,13:32,0.05,13:32,3,2025-03-19 15:49:00,0.05,160,0.0,0.0,False
SPXW250319P05370000,2025-03-19,13:04,0.03,13:04,4,2025-03-19 15:47:00,0.05,10,-0.020000000000000004,-66.66666666666669,False
SPXW250319P05380000,2025-03-19,13:30,0.05,13:30,3,2025-03-19 15:52:00,0.07,3,-0.020000000000000004,-40.00000000000001,False
SPXW250319P05385000,2025-03-19,13:30,0.05,13:30,108,2025-03-19 15:52:00,0.05,2,0.0,0.0,False
SPXW250319P05390000,2025-03-19,13:30,0.06,13:30,5,2025-03-19 15:50:00,0.07,1,-0.010000000000000009,-16.666666666666682,False
SPXW250319P05395000,2025-03-19,13:32,0.05,13:32,40,2025-03-19 15:50:00,0.05,1,0.0,0.0,False
SPXW250319P05400000,2025-03-19,11:56,0.07,11:56,1,2025-03-19 15:54:00,0.07,2,0.0,0.0,False
SPXW250319P05405000,2025-03-19,12:47,0.05,12:47,1,2025-03-19 15:52:00,0.07,4,-0.020000000000000004,-40.00000000000001,False
SPXW250319P05410000,2025-03-19,12:15,0.1,12:15,25,2025-03-19 15:39:00,0.1,3,0.0,0.0,False
SPXW250319P05415000,2025-03-19,10:42,0.07,10:42,8,2025-03-19 15:30:00,0.1,2,-0.03,-42.85714285714285,False
SPXW250319P05420000,2025-03-19,11:32,0.1,11:32,1,2025-03-19 15:59:00,0.1,1,0.0,0.0,False
SPXW250319P05425000,2025-03-19,10:46,0.1,10:46,5,2025-03-19 16:00:00,0.05,6,0.05,50.0,True
SPXW250319P05430000,2025-03-19,10:07,0.1,10:07,1,2025-03-19 15:54:00,0.07,1,0.03,30.0,True
SPXW250319P05435000,2025-03-19,12:04,0.15,12:04,10,2025-03-19 15:59:00,0.1,1,0.04999999999999999,33.33333333333333,True
SPXW250321C05430000,2025-03-21,13:30,190.3,13:30,6,2025-03-21 15:24:00,192.8,3,-2.5,-1.3137151865475565,False
SPXW250321C05435000,2025-03-21,13:30,185.3,13:30,3,2025-03-21 15:52:00,183.1,3,2.200000000000017,1.1872638963842508,True
SPXW250321P05375000,2025-03-21,13:31,0.05,13:31,36,2025-03-21 15:30:00,0.05,10,0.0,0.0,False
SPXW250321P05380000,2025-03-21,11:40,0.05,11:40,2,2025-03-21 15:43:00,0.03,1,0.020000000000000004,40.00000000000001,True
SPXW250321P05385000,2025-03-21,11:38,0.05,11:38,2,2025-03-21 15:41:00,0.05,1,0.0,0.0,False
SPXW250321P05390000,2025-03-21,13:31,0.05,13:31,17,2025-03-21 15:32:00,0.05,2,0.0,0.0,False
SPXW250321P05395000,2025-03-21,13:06,0.05,13:06,25,2025-03-21 15:32:00,0.05,10,0.0,0.0,False
SPXW250321P05400000,2025-03-21,10:34,0.05,10:34,50,2025-03-21 15:58:00,0.05,1,0.0,0.0,False
SPXW250321P05410000,2025-03-21,11:01,0.05,11:01,15,2025-03-21 16:00:00,0.05,2,0.0,0.0,False
SPXW250321P05415000,2025-03-21,12:18,0.05,12:18,1,2025-03-21 16:00:00,0.07,3,-0.020000000000000004,-40.00000000000001,False
SPXW250321P05420000,2025-03-21,12:48,0.07,12:48,5,2025-03-21 16:00:00,0.1,1,-0.03,-42.85714285714285,False
SPXW250321P05425000,2025-03-21,10:53,0.08,10:53,25,2025-03-21 16:00:00,0.05,6,0.03,37.5,True
SPXW250321P05430000,2025-03-21,12:10,0.1,12:10,10,2025-03-21 15:56:00,0.07,30,0.03,30.0,True
SPXW250321P05435000,2025-03-21,12:58,0.12,12:58,23,2025-03-21 16:00:00,0.05,1,0.06999999999999999,58.33333333333333,True
SPXW250321P05440000,2025-03-21,12:36,0.1,12:36,1,2025-03-21 16:00:00,0.05,6,0.05,50.0,True
SPXW250324P05410000,2025-03-24,13:30,0.05,13:30,7,2025-03-24 15:56:00,0.03,10,0.020000000000000004,40.00000000000001,True
SPXW250324P05440000,2025-03-24,13:30,0.05,13:30,1,2025-03-24 15:00:00,0.03,5,0.020000000000000004,40.00000000000001,True
SPXW250324P05445000,2025-03-24,13:44,0.05,13:44,1,2025-03-24 15:00:00,0.03,5,0.020000000000000004,40.00000000000001,True
SPXW250326P05425000,2025-03-26,13:43,0.03,13:43,2,2025-03-26 15:48:00,0.03,41,0.0,0.0,False
SPXW250328C05400000,2025-03-28,13:32,271.38,13:32,12,2025-03-28 15:27:00,211.4,3,59.97999999999999,22.10184980470189,True
SPXW250328C05425000,2025-03-28,13:40,257.5,13:40,4,2025-03-28 15:04:00,176.2,3,81.30000000000001,31.572815533980584,True
SPXW250328C05450000,2025-03-28,13:52,218.4,13:52,3,2025-03-28 15:39:00,169.2,3,49.20000000000002,22.527472527472533,True
SPXW250328P05360000,2025-03-28,13:30,0.05,13:30,1,2025-03-28 15:57:00,0.05,5,0.0,0.0,False
SPXW250328P05370000,2025-03-28,10:41,0.05,10:41,101,2025-03-28 15:50:00,0.05,1,0.0,0.0,False
SPXW250328P05375000,2025-03-28,10:41,0.05,10:41,101,2025-03-28 15:27:00,0.1,300,-0.05,-100.0,False
SPXW250328P05385000,2025-03-28,13:35,0.03,13:35,1,2025-03-28 15:31:00,0.1,1,-0.07,-233.33333333333334,False
SPXW250328P05390000,2025-03-28,12:37,0.05,12:37,5,2025-03-28 15:34:00,0.1,1,-0.05,-100.0,False
SPXW250328P05395000,2025-03-28,10:19,0.05,10:19,196,2025-03-28 15:33:00,0.07,1,-0.020000000000000004,-40.00000000000001,False
SPXW250328P05400000,2025-03-28,10:21,0.05,10:21,10,2025-03-28 16:00:00,0.07,2,-0.020000000000000004,-40.00000000000001,False
SPXW250328P05405000,2025-03-28,10:42,0.05,10:42,273,2025-03-28 15:36:00,0.1,1,-0.05,-100.0,False
SPXW250328P05410000,2025-03-28,11:37,0.05,11:37,46,2025-03-28 15:43:00,0.1,1,-0.05,-100.0,False
SPXW250328P05415000,2025-03-28,10:37,0.05,10:37,22,2025-03-28 15:39:00,0.1,1,-0.05,-100.0,False
SPXW250328P05420000,2025-03-28,10:29,0.05,10:29,12,2025-03-28 16:00:00,0.1,46,-0.05,-100.0,False
SPXW250328P05425000,2025-03-28,13:40,0.05,13:40,4,2025-03-28 16:00:00,0.15,2,-0.09999999999999999,-199.99999999999997,False
SPXW250328P05430000,2025-03-28,13:12,0.05,13:12,1,2025-03-28 15:58:00,0.1,2,-0.05,-100.0,False
SPXW250328P05435000,2025-03-28,13:31,0.05,13:31,8,2025-03-28 15:56:00,0.12,5,-0.06999999999999999,-139.99999999999997,False
SPXW250328P05440000,2025-03-28,13:31,0.05,13:31,1,2025-03-28 16:00:00,0.12,2,-0.06999999999999999,-139.99999999999997,False
SPXW250328P05445000,2025-03-28,13:15,0.05,13:15,1,2025-03-28 16:00:00,0.15,5,-0.09999999999999999,-199.99999999999997,False
SPXW250328P05450000,2025-03-28,12:03,0.1,12:03,5,2025-03-28 16:00:00,0.15,32,-0.04999999999999999,-49.999999999999986,False
SPXW250328P05455000,2025-03-28,13:31,0.1,13:31,62,2025-03-28 16:00:00,0.17,3,-0.07,-70.0,False
SPXW250331C05370000,2025-03-31,13:30,152.0,13:30,2,2025-03-31 15:33:00,178.0,3,-26.0,-17.105263157894736,False
SPXW250331C05375000,2025-03-31,13:41,127.7,13:41,3,2025-03-31 15:06:00,169.1,3,-41.39999999999999,-32.41973375097885,False
SPXW250331C05390000,2025-03-31,13:34,120.0,13:34,1,2025-03-31 15:59:00,164.15,20,-44.150000000000006,-36.79166666666667,False
SPXW250331C05400000,2025-03-31,10:02,130.5,10:02,1,2025-03-31 15:59:00,154.2,20,-23.69999999999999,-18.160919540229877,False
SPXW250331C05420000,2025-03-31,13:32,101.7,13:32,2,2025-03-31 15:25:00,135.48,1,-33.77999999999999,-33.215339233038335,False
SPXW250331C05425000,2025-03-31,13:30,103.7,13:30,1,2025-03-31 15:27:00,128.6,4,-24.89999999999999,-24.011571841851488,False
SPXW250331C05435000,2025-03-31,13:34,80.23,13:34,5,2025-03-31 15:40:00,123.65,2,-43.42,-54.119406705721055,False
SPXW250331C05440000,2025-03-31,13:34,74.41,13:34,12,2025-03-31 15:41:00,119.9,1,-45.49000000000001,-61.13425614836717,False
SPXW250331C05445000,2025-03-31,13:30,86.6,13:30,2,2025-03-31 15:59:00,110.7,1,-24.10000000000001,-27.829099307159368,False
SPXW250331C05450000,2025-03-31,13:34,64.7,13:34,14,2025-03-31 15:50:00,108.4,1,-43.7,-67.54250386398763,False
SPXW250331C05455000,2025-03-31,13:31,73.5,13:31,1,2025-03-31 15:48:00,104.2,1,-30.700000000000003,-41.7687074829932,False
SPXW250331C05460000,2025-03-31,13:31,68.87,13:31,6,2025-03-31 15:51:00,99.86,4,-30.989999999999995,-44.99782198344706,False
SPXW250331P05360000,2025-03-31,10:04,1.45,10:04,1,2025-03-31 15:57:00,0.2,10,1.25,86.20689655172414,True
SPXW250331P05365000,2025-03-31,10:23,1.4,10:23,1,2025-03-31 15:56:00,0.17,1,1.23,87.85714285714286,True
SPXW250331P05370000,2025-03-31,10:00,1.55,10:00,1,2025-03-31 15:50:00,0.2,5,1.35,87.09677419354838,True
SPXW250331P05375000,2025-03-31,10:21,1.75,10:21,1,2025-03-31 16:00:00,0.2,21,1.55,88.57142857142858,True
SPXW250331P05380000,2025-03-31,10:00,2.0,10:00,1,2025-03-31 16:00:00,0.17,4,1.83,91.5,True
SPXW250331P05385000,2025-03-31,10:01,2.2,10:01,1,2025-03-31 16:00:00,0.2,1,2.0,90.9090909090909,True
SPXW250331P05390000,2025-03-31,10:01,2.42,10:01,2,2025-03-31 16:00:00,0.22,2,2.1999999999999997,90.9090909090909,True
SPXW250331P05395000,2025-03-31,10:01,2.62,10:01,2,2025-03-31 16:00:00,0.22,10,2.4,91.6030534351145,True
SPXW250331P05400000,2025-03-31,10:00,2.85,10:00,2,2025-03-31 16:00:00,0.22,13,2.63,92.28070175438596,True
SPXW250331P05405000,2025-03-31,10:02,3.0,10:02,2,2025-03-31 15:59:00,0.25,1,2.75,91.66666666666666,True
SPXW250331P05410000,2025-03-31,10:00,3.4,10:00,3,2025-03-31 16:00:00,0.25,36,3.15,92.64705882352942,True
SPXW250331P05415000,2025-03-31,10:01,3.8,10:01,1,2025-03-31 16:00:00,0.3,21,3.5,92.10526315789474,True
SPXW250331P05420000,2025-03-31,10:00,4.3,10:00,1,2025-03-31 15:59:00,0.35,40,3.9499999999999997,91.86046511627907,True
SPXW250331P05425000,2025-03-31,10:00,4.7,10:00,1,2025-03-31 16:00:00,0.35,8,4.3500000000000005,92.55319148936171,True
SPXW250331P05430000,2025-03-31,10:00,5.0,10:00,10,2025-03-31 16:00:00,0.4,24,4.6,92.0,True
SPXW250331P05435000,2025-03-31,10:11,6.1,10:11,1,2025-03-31 16:00:00,0.44,86,5.659999999999999,92.78688524590163,True
SPXW250331P05440000,2025-03-31,10:03,6.1,10:03,1,2025-03-31 16:00:00,0.45,37,5.6499999999999995,92.62295081967213,True
SPXW250331P05445000,2025-03-31,10:02,6.6,10:02,1,2025-03-31 16:00:00,0.5,18,6.1,92.42424242424242,True
SPXW250331P05450000,2025-03-31,10:10,8.0,10:10,3,2025-03-31 16:00:00,0.55,76,7.45,93.125,True
SPXW250331P05455000,2025-03-31,10:11,8.96,10:11,1,2025-03-31 16:00:00,0.6,10,8.360000000000001,93.30357142857143,True
SPXW250331P05460000,2025-03-31,10:00,9.1,10:00,1,2025-03-31 16:00:00,0.72,108,8.379999999999999,92.08791208791209,True
SPXW250402C05400000,2025-04-02,13:31,179.9,13:31,1,2025-04-02 15:57:00,245.0,1,-65.1,-36.186770428015556,False
SPXW250402C05440000,2025-04-02,11:16,159.48,11:16,40,2025-04-02 15:19:00,198.6,2,-39.120000000000005,-24.529721595184352,False
SPXW250402C05450000,2025-04-02,11:16,149.68,11:16,40,2025-04-02 15:47:00,189.7,2,-40.01999999999998,-26.737039016568666,False
SPXW250402C05455000,2025-04-02,13:30,118.66,13:30,1,2025-04-02 15:21:00,193.1,1,-74.44,-62.733861452890615,False
SPXW250402C05460000,2025-04-02,11:59,134.03,11:59,1,2025-04-02 15:52:00,177.3,2,-43.27000000000001,-32.28381705588302,False
SPXW250402P05370000,2025-04-02,11:08,0.1,11:08,50,2025-04-02 15:10:00,0.05,1,0.05,50.0,True
SPXW250402P05380000,2025-04-02,10:41,0.2,10:41,100,2025-04-02 15:46:00,0.05,5,0.15000000000000002,75.00000000000001,True
SPXW250402P05395000,2025-04-02,10:54,0.25,10:54,1,2025-04-02 15:47:00,0.05,1,0.2,80.0,True
SPXW250402P05400000,2025-04-02,10:12,0.25,10:12,6,2025-04-02 15:59:00,0.05,3,0.2,80.0,True
SPXW250402P05405000,2025-04-02,10:28,0.3,10:28,1,2025-04-02 15:56:00,0.05,2,0.25,83.33333333333334,True
SPXW250402P05410000,2025-04-02,10:50,0.3,10:50,2,2025-04-02 15:55:00,0.05,3,0.25,83.33333333333334,True
SPXW250402P05420000,2025-04-02,10:02,0.4,10:02,6,2025-04-02 16:00:00,0.05,61,0.35000000000000003,87.5,True
SPXW250402P05425000,2025-04-02,10:02,0.45,10:02,12,2025-04-02 16:00:00,0.05,101,0.4,88.8888888888889,True
SPXW250402P05430000,2025-04-02,10:02,0.5,10:02,1,2025-04-02 15:53:00,0.1,1,0.4,80.0,True
SPXW250402P05435000,2025-04-02,10:07,0.55,10:07,1,2025-04-02 15:39:00,0.05,1,0.5,90.9090909090909,True
SPXW250402P05440000,2025-04-02,10:02,0.7,10:02,40,2025-04-02 16:00:00,0.07,1,0.6299999999999999,89.99999999999999,True
SPXW250402P05445000,2025-04-02,10:02,0.85,10:02,1,2025-04-02 15:56:00,0.05,51,0.7999999999999999,94.11764705882352,True
SPXW250402P05450000,2025-04-02,10:02,0.9,10:02,17,2025-04-02 15:55:00,0.07,1,0.8300000000000001,92.22222222222223,True
SPXW250402P05455000,2025-04-02,10:02,0.9,10:02,8,2025-04-02 16:00:00,0.05,1,0.85,94.44444444444444,True
SPXW250402P05460000,2025-04-02,10:01,0.75,10:01,1,2025-04-02 16:00:00,0.1,1,0.65,86.66666666666667,True
SPXW250402P05465000,2025-04-02,10:02,1.25,10:02,21,2025-04-02 15:57:00,0.07,3,1.18,94.39999999999999,True
SPXW250404C05375000,2025-04-04,10:02,31.4,10:02,1,2025-04-04 16:00:00,0.51,4,30.889999999999997,98.37579617834395,True
SPXW250404C05380000,2025-04-04,10:05,25.8,10:05,2,2025-04-04 16:00:00,0.5,24,25.3,98.06201550387597,True
SPXW250404C05385000,2025-04-04,10:10,20.3,10:10,3,2025-04-04 16:00:00,0.45,4,19.85,97.7832512315271,True
SPXW250404C05390000,2025-04-04,10:01,23.4,10:01,2,2025-04-04 16:00:00,0.4,6,23.0,98.2905982905983,True
SPXW250404C05395000,2025-04-04,10:02,22.5,10:02,1,2025-04-04 16:00:00,0.36,7,22.14,98.4,True
SPXW250404C05400000,2025-04-04,10:03,21.4,10:03,1,2025-04-04 16:00:00,0.3,61,21.099999999999998,98.59813084112149,True
SPXW250404C05415000,2025-04-04,10:05,15.0,10:05,3,2025-04-04 15:59:00,0.22,10,14.78,98.53333333333333,True
SPXW250404C05420000,2025-04-04,10:03,15.4,10:03,1,2025-04-04 16:00:00,0.25,2,15.15,98.37662337662337,True
SPXW250404C05425000,2025-04-04,10:05,13.94,10:05,2,2025-04-04 16:00:00,0.2,30,13.74,98.56527977044477,True
SPXW250404C05430000,2025-04-04,10:02,12.4,10:02,1,2025-04-04 16:00:00,0.15,31,12.25,98.79032258064517,True
SPXW250404C05440000,2025-04-04,10:00,10.6,10:00,1,2025-04-04 16:00:00,0.15,2,10.45,98.58490566037736,True
SPXW250404C05445000,2025-04-04,10:00,10.0,10:00,10,2025-04-04 16:00:00,0.1,5,9.9,99.0,True
SPXW250404C05450000,2025-04-04,10:02,9.7,10:02,10,2025-04-04 16:00:00,0.12,12,9.58,98.76288659793815,True
SPXW250404C05455000,2025-04-04,10:00,8.3,10:00,1,2025-04-04 16:00:00,0.1,9,8.200000000000001,98.79518072289157,True
SPXW250404C05460000,2025-04-04,10:06,7.2,10:06,9,2025-04-04 16:00:00,0.07,2,7.13,99.02777777777777,True
SPXW250404C05465000,2025-04-04,10:03,7.1,10:03,3,2025-04-04 16:00:00,0.1,1,7.0,98.59154929577466,True
SPXW250404C05470000,2025-04-04,10:09,4.8,10:09,3,2025-04-04 15:59:00,0.07,17,4.7299999999999995,98.54166666666666,True
SPXW250404P05380000,2025-04-04,10:04,52.9,10:04,10,2025-04-04 15:47:00,198.63,1,-145.73,-275.4820415879017,False
SPXW250404P05385000,2025-04-04,10:05,57.63,10:05,2,2025-04-04 15:59:00,215.72,5,-158.09,-274.31893111226793,False
SPXW250404P05390000,2025-04-04,10:10,85.5,10:10,2,2025-04-04 15:59:00,220.67,5,-135.17,-158.09356725146196,False
SPXW250404P05395000,2025-04-04,10:06,72.7,10:06,2,2025-04-04 15:58:00,221.44,1,-148.74,-204.5942228335626,False
SPXW250404P05400000,2025-04-04,10:06,74.0,10:06,2,2025-04-04 16:00:00,225.73,2,-151.73,-205.04054054054052,False
SPXW250404P05405000,2025-04-04,10:06,77.6,10:06,2,2025-04-04 15:57:00,222.41,11,-144.81,-186.61082474226808,False
SPXW250404P05410000,2025-04-04,10:21,127.42,10:21,1,2025-04-04 15:57:00,227.81,1,-100.39,-78.78668968764715,False
SPXW250404P05415000,2025-04-04,12:35,152.0,12:35,2,2025-04-04 15:46:00,234.41,1,-82.41,-54.2171052631579,False
SPXW250404P05420000,2025-04-04,11:25,195.0,11:25,1,2025-04-04 15:40:00,255.35,1,-60.349999999999994,-30.948717948717945,False
SPXW250404P05430000,2025-04-04,12:17,187.9,12:17,1,2025-04-04 15:57:00,242.27,1,-54.370000000000005,-28.935604044704633,False
SPXW250404P05435000,2025-04-04,10:19,139.72,10:19,2,2025-04-04 15:36:00,263.04,8,-123.32000000000002,-88.26223876324079,False
SPXW250404P05445000,2025-04-04,13:30,176.79,13:30,2,2025-04-04 15:35:00,262.62,1,-85.83000000000001,-48.54912608179197,False
SPXW250404P05450000,2025-04-04,10:58,212.7,10:58,3,2025-04-04 15:58:00,272.51,1,-59.81,-28.11941701927598,False
SPXW250404P05455000,2025-04-04,13:30,186.39,13:30,4,2025-04-04 15:21:00,218.2,1,-31.810000000000002,-17.06636622136381,False
SPXW250404P05460000,2025-04-04,13:32,199.36,13:32,1,2025-04-04 15:53:00,281.49,10,-82.13,-41.196829855537715,False
SPXW250404P05465000,2025-04-04,10:49,212.3,10:49,1,2025-04-04 15:36:00,293.81,8,-81.50999999999999,-38.39378238341968,False
SPXW250404P05470000,2025-04-04,10:59,239.56,10:59,1,2025-04-04 15:16:00,238.91,1,0.6500000000000057,0.2713307730839897,True
SPXW250407C05375000,2025-04-07,10:16,0.59,10:16,2,2025-04-07 16:00:00,0.58,5,0.010000000000000009,1.6949152542372898,True
SPXW250407C05385000,2025-04-07,10:38,0.85,10:38,1,2025-04-07 16:00:00,0.5,3,0.35,41.17647058823529,True
SPXW250407C05390000,2025-04-07,11:33,0.65,11:33,1,2025-04-07 16:00:00,0.45,2,0.2,30.76923076923077,True
SPXW250407C05400000,2025-04-07,10:13,0.5,10:13,1,2025-04-07 16:00:00,0.4,20,0.09999999999999998,19.999999999999996,True
SPXW250407C05405000,2025-04-07,13:10,0.26,13:10,15,2025-04-07 16:00:00,0.38,3,-0.12,-46.15384615384615,False
SPXW250407C05410000,2025-04-07,10:39,0.6,10:39,2,2025-04-07 16:00:00,0.35,1,0.25,41.66666666666667,True
SPXW250407C05415000,2025-04-07,13:30,0.19,13:30,33,2025-04-07 16:00:00,0.4,1,-0.21000000000000002,-110.5263157894737,False
SPXW250407C05420000,2025-04-07,10:15,0.35,10:15,2,2025-04-07 16:00:00,0.25,1,0.09999999999999998,28.571428571428566,True
SPXW250407C05425000,2025-04-07,10:39,0.3,10:39,16,2025-04-07 15:58:00,0.4,1,-0.10000000000000003,-33.33333333333335,False
SPXW250407C05430000,2025-04-07,13:30,0.14,13:30,1,2025-04-07 15:59:00,0.34,1,-0.2,-142.85714285714286,False
SPXW250407C05435000,2025-04-07,13:30,0.15,13:30,17,2025-04-07 16:00:00,0.23,3,-0.08000000000000002,-53.33333333333334,False
SPXW250407C05440000,2025-04-07,11:03,0.35,11:03,1,2025-04-07 16:00:00,0.2,2,0.14999999999999997,42.85714285714285,True
SPXW250407C05445000,2025-04-07,10:48,0.4,10:48,1,2025-04-07 16:00:00,0.22,1,0.18000000000000002,45.0,True
SPXW250407C05450000,2025-04-07,10:16,0.2,10:16,1,2025-04-07 16:00:00,0.2,5,0.0,0.0,False
SPXW250407C05455000,2025-04-07,11:45,0.25,11:45,1,2025-04-07 16:00:00,0.25,1,0.0,0.0,False
SPXW250407C05460000,2025-04-07,13:30,0.14,13:30,20,2025-04-07 16:00:00,0.2,1,-0.06,-42.85714285714285,False
SPXW250407C05465000,2025-04-07,10:36,0.2,10:36,1,2025-04-07 16:00:00,0.15,1,0.05000000000000002,25.000000000000007,True
SPXW250407C05470000,2025-04-07,11:45,0.2,11:45,1,2025-04-07 16:00:00,0.15,101,0.05000000000000002,25.000000000000007,True
SPXW250407C05475000,2025-04-07,13:32,0.12,13:32,1,2025-04-07 16:00:00,0.2,1,-0.08000000000000002,-66.66666666666669,False
SPXW250407P05375000,2025-04-07,13:30,469.57,13:30,2,2025-04-07 15:56:00,345.1,1,124.46999999999997,26.507230018953504,True
SPXW250407P05380000,2025-04-07,13:30,474.42,13:30,1,2025-04-07 15:04:00,272.4,1,202.02000000000004,42.58252181611231,True
SPXW250407P05385000,2025-04-07,13:30,478.81,13:30,1,2025-04-07 15:48:00,356.9,1,121.91000000000003,25.46103882542136,True
SPXW250407P05390000,2025-04-07,13:30,476.35,13:30,4,2025-04-07 16:00:00,378.5,7,97.85000000000002,20.54161855778315,True
SPXW250407P05400000,2025-04-07,10:37,431.2,10:37,1,2025-04-07 15:30:00,423.55,110,7.649999999999977,1.7741187384044474,True
SPXW250407P05405000,2025-04-07,13:45,553.3,13:45,7,2025-04-07 15:58:00,384.5,1,168.79999999999995,30.50786191939273,True
SPXW250407P05415000,2025-04-07,13:44,574.72,13:44,1,2025-04-07 15:58:00,394.5,1,180.22000000000003,31.357878619153677,True
SPXW250407P05420000,2025-04-07,13:31,522.29,13:31,10,2025-04-07 15:00:00,356.06,2,166.22999999999996,31.827145838518828,True
SPXW250407P05430000,2025-04-07,13:38,568.5,13:38,1,2025-04-07 15:51:00,396.27,6,172.23000000000002,30.295514511873357,True
SPXW250407P05435000,2025-04-07,13:59,454.83,13:59,1,2025-04-07 15:51:00,400.65,3,54.18000000000001,11.91214299848295,True
SPXW250407P05440000,2025-04-07,13:35,555.42,13:35,2,2025-04-07 15:14:00,480.5,2,74.91999999999996,13.488891289474624,True
SPXW250407P05450000,2025-04-07,13:35,565.37,13:35,2,2025-04-07 15:41:00,405.69,2,159.68,28.243451191255286,True
SPXW250407P05455000,2025-04-07,13:30,546.22,13:30,3,2025-04-07 15:33:00,467.7,7,78.52000000000004,14.37516019186409,True
SPXW250407P05460000,2025-04-07,13:30,530.1,13:30,1,2025-04-07 15:05:00,375.62,5,154.48000000000002,29.141671382757973,True
SPXW250407P05470000,2025-04-07,13:36,593.94,13:36,2,2025-04-07 15:46:00,442.94,5,151.00000000000006,25.42344344546588,True
SPXW250407P05475000,2025-04-07,13:42,627.3,13:42,5,2025-04-07 15:04:00,375.5,7,251.79999999999995,40.140283755778725,True
SPXW250409C05380000,2025-04-09,10:04,0.35,10:04,1,2025-04-09 15:58:00,0.1,1,0.24999999999999997,71.42857142857143,True
SPXW250409C05385000,2025-04-09,10:04,0.35,10:04,1,2025-04-09 16:00:00,0.1,5,0.24999999999999997,71.42857142857143,True
SPXW250409C05390000,2025-04-09,10:12,0.2,10:12,1,2025-04-09 15:57:00,0.1,2,0.1,50.0,True
SPXW250409C05395000,2025-04-09,10:43,0.3,10:43,1,2025-04-09 15:44:00,0.1,3,0.19999999999999998,66.66666666666666,True
SPXW250409C05400000,2025-04-09,10:23,0.25,10:23,2,2025-04-09 16:00:00,0.07,7,0.18,72.0,True
SPXW250409C05405000,2025-04-09,10:50,0.2,10:50,3,2025-04-09 15:45:00,0.07,7,0.13,65.0,True
SPXW250409C05410000,2025-04-09,10:53,0.2,10:53,1,2025-04-09 15:54:00,0.05,1,0.15000000000000002,75.00000000000001,True
SPXW250409C05415000,2025-04-09,12:32,0.15,12:32,1,2025-04-09 15:52:00,0.1,1,0.04999999999999999,33.33333333333333,True
SPXW250409C05420000,2025-04-09,10:44,0.15,10:44,4,2025-04-09 15:51:00,0.07,1,0.07999999999999999,53.333333333333336,True
SPXW250409C05425000,2025-04-09,11:00,0.15,11:00,4,2025-04-09 16:00:00,0.05,24,0.09999999999999999,66.66666666666666,True
SPXW250409C05430000,2025-04-09,10:08,0.22,10:08,1,2025-04-09 15:45:00,0.1,4,0.12,54.54545454545454,True
SPXW250409C05435000,2025-04-09,10:58,0.15,10:58,4,2025-04-09 15:18:00,0.07,3,0.07999999999999999,53.333333333333336,True
SPXW250409C05440000,2025-04-09,10:53,0.2,10:53,20,2025-04-09 15:59:00,0.05,1,0.15000000000000002,75.00000000000001,True
SPXW250409C05445000,2025-04-09,10:44,0.15,10:44,4,2025-04-09 16:00:00,0.05,5,0.09999999999999999,66.66666666666666,True
SPXW250409C05450000,2025-04-09,11:40,0.05,11:40,1,2025-04-09 15:57:00,0.05,1,0.0,0.0,False
SPXW250409C05455000,2025-04-09,13:30,0.1,13:30,10,2025-04-09 15:50:00,0.03,5,0.07,70.0,True
SPXW250409C05460000,2025-04-09,13:31,0.07,13:31,10,2025-04-09 15:30:00,0.07,1,0.0,0.0,False
SPXW250409C05465000,2025-04-09,11:08,0.05,11:08,1,2025-04-09 15:38:00,0.05,5,0.0,0.0,False
SPXW250409C05470000,2025-04-09,10:43,0.15,10:43,1,2025-04-09 15:41:00,0.03,1,0.12,80.0,True
SPXW250409C05475000,2025-04-09,11:08,0.1,11:08,4,2025-04-09 15:36:00,0.05,10,0.05,50.0,True
SPXW250409P05385000,2025-04-09,13:43,367.2,13:43,7,2025-04-09 15:08:00,400.8,1,-33.60000000000002,-9.150326797385627,False
SPXW250409P05395000,2025-04-09,13:44,384.77,13:44,5,2025-04-09 15:04:00,431.5,2,-46.73000000000002,-12.144917743067293,False
SPXW250409P05400000,2025-04-09,13:31,436.32,13:31,1,2025-04-09 15:38:00,407.39,1,28.930000000000007,6.630454712137881,True
SPXW250409P05410000,2025-04-09,13:30,459.24,13:30,1,2025-04-09 15:03:00,452.2,7,7.0400000000000205,1.532967511540811,True
SPXW250409P05425000,2025-04-09,13:40,407.2,13:40,1,2025-04-09 15:47:00,429.1,1,-21.900000000000034,-5.378192534381148,False
SPXW250409P05430000,2025-04-09,13:42,406.8,13:42,7,2025-04-09 15:29:00,428.55,6,-21.75,-5.346607669616519,False
SPXW250411C05380000,2025-04-11,10:13,30.6,10:13,1,2025-04-11 16:00:00,9.08,3,21.520000000000003,70.32679738562092,True
SPXW250411C05385000,2025-04-11,10:02,29.9,10:02,1,2025-04-11 16:00:00,9.42,5,20.479999999999997,68.49498327759197,True
SPXW250411C05390000,2025-04-11,10:01,30.7,10:01,1,2025-04-11 16:00:00,8.6,3,22.1,71.9869706840391,True
SPXW250411C05395000,2025-04-11,10:25,30.7,10:25,2,2025-04-11 16:00:00,8.09,21,22.61,73.64820846905538,True
SPXW250411C05400000,2025-04-11,10:01,28.0,10:01,1,2025-04-11 16:00:00,7.5,42,20.5,73.21428571428571,True
SPXW250411C05405000,2025-04-11,10:02,24.0,10:02,1,2025-04-11 16:00:00,6.8,8,17.2,71.66666666666667,True
SPXW250411C05415000,2025-04-11,10:07,20.8,10:07,11,2025-04-11 16:00:00,5.6,3,15.200000000000001,73.07692307692308,True
SPXW250411C05420000,2025-04-11,10:08,19.7,10:08,1,2025-04-11 16:00:00,5.52,7,14.18,71.97969543147208,True
SPXW250411C05425000,2025-04-11,10:00,21.4,10:00,1,2025-04-11 15:59:00,5.01,4,16.39,76.58878504672899,True
SPXW250411C05430000,2025-04-11,10:07,17.5,10:07,12,2025-04-11 16:00:00,4.8,30,12.7,72.57142857142857,True
SPXW250411C05435000,2025-04-11,10:55,19.0,10:55,1,2025-04-11 16:00:00,4.5,2,14.5,76.31578947368422,True
SPXW250411C05440000,2025-04-11,10:17,15.9,10:17,1,2025-04-11 16:00:00,4.2,13,11.7,73.58490566037736,True
SPXW250411C05445000,2025-04-11,10:01,16.0,10:01,2,2025-04-11 16:00:00,3.75,10,12.25,76.5625,True
SPXW250411C05450000,2025-04-11,10:00,16.3,10:00,1,2025-04-11 16:00:00,3.7,47,12.600000000000001,77.30061349693253,True
SPXW250411C05455000,2025-04-11,10:01,14.5,10:01,1,2025-04-11 16:00:00,3.2,12,11.3,77.93103448275862,True
SPXW250411C05460000,2025-04-11,10:08,12.4,10:08,1,2025-04-11 16:00:00,3.0,3,9.4,75.80645161290323,True
SPXW250411C05465000,2025-04-11,10:01,13.3,10:01,1,2025-04-11 16:00:00,2.87,2,10.43,78.42105263157893,True
SPXW250411C05470000,2025-04-11,10:01,12.0,10:01,2,2025-04-11 16:00:00,2.85,27,9.15,76.25,True
SPXW250411C05475000,2025-04-11,10:00,12.0,10:00,1,2025-04-11 16:00:00,2.5,113,9.5,79.16666666666666,True
SPXW250411C05480000,2025-04-11,10:01,10.5,10:01,1,2025-04-11 16:00:00,2.5,10,8.0,76.19047619047619,True
SPXW250411P05380000,2025-04-11,13:31,149.37,13:31,10,2025-04-11 15:57:00,102.6,5,46.77000000000001,31.311508335007037,True
SPXW250411P05385000,2025-04-11,10:45,111.8,10:45,8,2025-04-11 15:50:00,117.0,1,-5.200000000000003,-4.651162790697677,False
SPXW250411P05390000,2025-04-11,13:39,140.2,13:39,6,2025-04-11 15:58:00,112.03,5,28.169999999999987,20.09272467902995,True
SPXW250411P05395000,2025-04-11,10:02,122.17,10:02,3,2025-04-11 15:53:00,125.27,1,-3.0999999999999943,-2.5374478186134026,False
SPXW250411P05405000,2025-04-11,12:49,134.22,12:49,3,2025-04-11 15:33:00,155.1,1,-20.879999999999995,-15.556548949485915,False
SPXW250411P05410000,2025-04-11,13:32,185.7,13:32,1,2025-04-11 15:58:00,129.89,5,55.81,30.05385029617663,True
SPXW250411P05420000,2025-04-11,13:55,142.45,13:55,1,2025-04-11 15:39:00,149.5,1,-7.050000000000011,-4.9491049491049575,False
SPXW250411P05430000,2025-04-11,13:33,198.7,13:33,1,2025-04-11 15:53:00,156.0,1,42.69999999999999,21.489682939104174,True
SPXW250411P05435000,2025-04-11,12:48,160.1,12:48,8,2025-04-11 15:39:00,170.3,1,-10.200000000000017,-6.371018113678961,False
SPXW250411P05445000,2025-04-11,12:35,144.9,12:35,3,2025-04-11 15:38:00,183.26,1,-38.359999999999985,-26.473429951690807,False
SPXW250411P05450000,2025-04-11,12:43,158.8,12:43,3,2025-04-11 15:55:00,175.46,3,-16.659999999999997,-10.491183879093196,False
SPXW250411P05455000,2025-04-11,13:40,201.6,13:40,1,2025-04-11 15:50:00,181.9,1,19.69999999999999,9.771825396825392,True
SPXW250411P05460000,2025-04-11,13:30,202.37,13:30,1,2025-04-11 15:50:00,188.61,3,13.759999999999991,6.799426792508767,True
SPXW250411P05465000,2025-04-11,13:31,217.27,13:31,10,2025-04-11 15:08:00,221.5,6,-4.22999999999999,-1.9468863625903208,False
SPXW250411P05470000,2025-04-11,13:33,232.8,13:33,1,2025-04-11 16:00:00,184.03,1,48.77000000000001,20.949312714776635,True
SPXW250411P05475000,2025-04-11,13:30,219.5,13:30,2,2025-04-11 15:34:00,224.4,1,-4.900000000000006,-2.2323462414578614,False
SPXW250411P05480000,2025-04-11,13:30,221.2,13:30,1,2025-04-11 15:55:00,204.46,3,16.73999999999998,7.567811934900534,True
SPXW250414C05390000,2025-04-14,11:59,58.9,11:59,1,2025-04-14 16:00:00,20.0,27,38.9,66.04414261460101,True
SPXW250414C05395000,2025-04-14,10:00,60.0,10:00,5,2025-04-14 16:00:00,18.8,7,41.2,68.66666666666667,True
SPXW250414C05400000,2025-04-14,10:00,57.0,10:00,4,2025-04-14 16:00:00,16.7,98,40.3,70.7017543859649,True
SPXW250414C05410000,2025-04-14,10:02,50.2,10:02,1,2025-04-14 16:00:00,12.96,42,37.24,74.18326693227093,True
SPXW250414C05415000,2025-04-14,10:05,48.4,10:05,3,2025-04-14 16:00:00,11.32,15,37.08,76.61157024793388,True
SPXW250414C05420000,2025-04-14,10:44,45.6,10:44,1,2025-04-14 16:00:00,9.8,59,35.8,78.50877192982455,True
SPXW250414C05425000,2025-04-14,10:01,41.6,10:01,1,2025-04-14 16:00:00,8.6,76,33.0,79.32692307692307,True
SPXW250414C05430000,2025-04-14,10:07,39.8,10:07,1,2025-04-14 16:00:00,7.4,36,32.4,81.4070351758794,True
SPXW250414C05435000,2025-04-14,11:13,44.7,11:13,4,2025-04-14 16:00:00,6.38,51,38.32,85.72706935123043,True
SPXW250414C05440000,2025-04-14,10:36,34.52,10:36,2,2025-04-14 16:00:00,5.5,56,29.020000000000003,84.06720741599074,True
SPXW250414C05445000,2025-04-14,10:50,33.5,10:50,1,2025-04-14 16:00:00,4.79,36,28.71,85.70149253731344,True
SPXW250414C05450000,2025-04-14,10:29,28.2,10:29,1,2025-04-14 16:00:00,4.0,249,24.2,85.81560283687944,True
SPXW250414C05455000,2025-04-14,10:28,26.2,10:28,7,2025-04-14 16:00:00,3.5,71,22.7,86.6412213740458,True
SPXW250414C05460000,2025-04-14,10:07,25.9,10:07,2,2025-04-14 16:00:00,2.95,96,22.95,88.61003861003861,True
SPXW250414C05465000,2025-04-14,10:00,23.7,10:00,1,2025-04-14 16:00:00,2.5,65,21.2,89.45147679324894,True
SPXW250414C05470000,2025-04-14,10:36,21.88,10:36,1,2025-04-14 16:00:00,2.17,82,19.71,90.08226691042049,True
SPXW250414C05475000,2025-04-14,10:06,20.6,10:06,1,2025-04-14 16:00:00,1.85,78,18.75,91.01941747572815,True
SPXW250414C05480000,2025-04-14,10:03,19.6,10:03,3,2025-04-14 16:00:00,1.6,55,18.0,91.83673469387755,True
SPXW250414C05485000,2025-04-14,10:40,17.3,10:40,1,2025-04-14 16:00:00,1.4,77,15.9,91.90751445086704,True
SPXW250414C05490000,2025-04-14,10:03,15.9,10:03,3,2025-04-14 16:00:00,1.19,33,14.71,92.51572327044025,True
SPXW250414P05395000,2025-04-14,10:40,28.7,10:40,3,2025-04-14 16:00:00,35.7,16,-7.0000000000000036,-24.39024390243904,False
SPXW250414P05400000,2025-04-14,10:00,33.3,10:00,1,2025-04-14 16:00:00,38.7,85,-5.400000000000006,-16.216216216216235,False
SPXW250414P05405000,2025-04-14,10:12,36.4,10:12,1,2025-04-14 16:00:00,42.2,8,-5.800000000000004,-15.934065934065947,False
SPXW250414P05425000,2025-04-14,10:28,43.2,10:28,1,2025-04-14 15:59:00,55.8,3,-12.599999999999994,-29.16666666666665,False
SPXW250414P05430000,2025-04-14,10:02,46.1,10:02,1,2025-04-14 16:00:00,61.95,2,-15.850000000000001,-34.38177874186551,False
SPXW250414P05440000,2025-04-14,11:09,42.5,11:09,1,2025-04-14 16:00:00,67.7,5,-25.200000000000003,-59.29411764705883,False
SPXW250414P05445000,2025-04-14,10:28,54.0,10:28,1,2025-04-14 15:59:00,73.4,6,-19.400000000000006,-35.92592592592594,False
SPXW250414P05455000,2025-04-14,11:13,48.82,11:13,1,2025-04-14 15:59:00,79.6,4,-30.779999999999994,-63.04793117574763,False
SPXW250414P05460000,2025-04-14,10:02,62.7,10:02,5,2025-04-14 16:00:00,90.0,3,-27.299999999999997,-43.540669856459324,False
SPXW250414P05465000,2025-04-14,11:26,50.14,11:26,1,2025-04-14 15:57:00,80.35,1,-30.209999999999994,-60.25129637016353,False
SPXW250414P05470000,2025-04-14,11:10,58.2,11:10,2,2025-04-14 15:58:00,87.3,1,-29.099999999999994,-49.999999999999986,False
SPXW250414P05475000,2025-04-14,10:42,67.29,10:42,1,2025-04-14 15:59:00,100.8,1,-33.50999999999999,-49.799375835934,False
SPXW250414P05480000,2025-04-14,10:40,70.4,10:40,2,2025-04-14 16:00:00,107.5,2,-37.099999999999994,-52.698863636363626,False
SPXW250414P05485000,2025-04-14,12:47,62.0,12:47,2,2025-04-14 15:59:00,110.35,15,-48.349999999999994,-77.98387096774194,False
SPXW250414P05490000,2025-04-14,11:36,68.7,11:36,2,2025-04-14 15:59:00,109.92,14,-41.22,-60.0,False
SPXW250416C05390000,2025-04-16,10:29,22.98,10:29,1,2025-04-16 16:00:00,4.63,27,18.35,79.852045256745,True
SPXW250416C05400000,2025-04-16,10:06,20.0,10:06,2,2025-04-16 16:00:00,3.5,125,16.5,82.5,True
SPXW250416C05410000,2025-04-16,10:05,16.4,10:05,1,2025-04-16 16:00:00,2.57,85,13.829999999999998,84.32926829268293,True
SPXW250416C05415000,2025-04-16,10:05,14.9,10:05,4,2025-04-16 16:00:00,2.27,70,12.63,84.76510067114094,True
SPXW250416C05420000,2025-04-16,10:01,11.7,10:01,1,2025-04-16 16:00:00,1.95,89,9.75,83.33333333333334,True
SPXW250416C05425000,2025-04-16,10:05,11.9,10:05,2,2025-04-16 16:00:00,1.7,44,10.200000000000001,85.71428571428572,True
SPXW250416C05430000,2025-04-16,10:03,10.1,10:03,2,2025-04-16 16:00:00,1.5,123,8.6,85.14851485148515,True
SPXW250416C05435000,2025-04-16,10:02,8.9,10:02,2,2025-04-16 16:00:00,1.35,83,7.550000000000001,84.83146067415731,True
SPXW250416C05440000,2025-04-16,10:00,7.1,10:00,1,2025-04-16 16:00:00,1.19,45,5.91,83.23943661971832,True
SPXW250416C05445000,2025-04-16,10:06,7.8,10:06,1,2025-04-16 16:00:00,1.1,100,6.699999999999999,85.8974358974359,True
SPXW250416C05455000,2025-04-16,10:04,5.8,10:04,2,2025-04-16 16:00:00,0.82,17,4.9799999999999995,85.86206896551724,True
SPXW250416C05460000,2025-04-16,10:38,4.4,10:38,1,2025-04-16 16:00:00,0.75,77,3.6500000000000004,82.95454545454545,True
SPXW250416C05465000,2025-04-16,10:00,3.6,10:00,1,2025-04-16 16:00:00,0.65,2,2.95,81.94444444444444,True
SPXW250416C05470000,2025-04-16,10:01,3.5,10:01,3,2025-04-16 16:00:00,0.65,2,2.85,81.42857142857143,True
SPXW250416C05475000,2025-04-16,10:01,3.1,10:01,1,2025-04-16 16:00:00,0.57,5,2.5300000000000002,81.61290322580645,True
SPXW250416C05480000,2025-04-16,10:04,3.0,10:04,1,2025-04-16 16:00:00,0.55,9,2.45,81.66666666666667,True
SPXW250416C05485000,2025-04-16,10:04,2.7,10:04,1,2025-04-16 16:00:00,0.4,11,2.3000000000000003,85.18518518518519,True
SPXW250416C05490000,2025-04-16,10:11,2.2,10:11,2,2025-04-16 16:00:00,0.4,4,1.8000000000000003,81.81818181818183,True
SPXW250416P05390000,2025-04-16,10:24,56.1,10:24,6,2025-04-16 16:00:00,60.5,15,-4.399999999999999,-7.843137254901958,False
SPXW250416P05400000,2025-04-16,10:19,58.5,10:19,2,2025-04-16 16:00:00,68.4,10,-9.900000000000006,-16.923076923076934,False
SPXW250416P05405000,2025-04-16,10:26,64.9,10:26,4,2025-04-16 15:54:00,69.1,2,-4.199999999999989,-6.471494607087809,False
SPXW250416P05410000,2025-04-16,13:30,74.54,13:30,1,2025-04-16 15:58:00,75.45,2,-0.9099999999999966,-1.2208210356855331,False
SPXW250416P05420000,2025-04-16,11:28,75.13,11:28,1,2025-04-16 16:00:00,88.1,5,-12.969999999999999,-17.26341008917876,False
SPXW250416P05425000,2025-04-16,11:28,78.97,11:28,1,2025-04-16 15:53:00,82.93,2,-3.960000000000008,-5.014562492085612,False
SPXW250416P05435000,2025-04-16,12:25,86.3,12:25,2,2025-04-16 15:47:00,88.23,1,-1.9300000000000068,-2.236384704519127,False
SPXW250416P05440000,2025-04-16,13:30,100.16,13:30,10,2025-04-16 15:51:00,97.82,1,2.3400000000000034,2.3362619808306744,True
SPXW250416P05445000,2025-04-16,10:39,100.1,10:39,2,2025-04-16 15:54:00,106.9,2,-6.800000000000011,-6.793206793206805,False
SPXW250416P05450000,2025-04-16,10:39,105.0,10:39,1,2025-04-16 15:59:00,117.0,1,-12.0,-11.428571428571429,False
SPXW250416P05455000,2025-04-16,13:30,120.44,13:30,1,2025-04-16 15:51:00,111.53,1,8.909999999999997,7.3978744603121855,True
SPXW250416P05465000,2025-04-16,13:33,123.52,13:33,1,2025-04-16 15:31:00,109.0,2,14.519999999999996,11.755181347150256,True
SPXW250416P05470000,2025-04-16,13:04,131.2,13:04,2,2025-04-16 15:50:00,128.1,1,3.0999999999999943,2.3628048780487765,True
SPXW250416P05475000,2025-04-16,13:31,128.94,13:31,2,2025-04-16 15:57:00,135.8,1,-6.860000000000014,-5.320304017372432,False
SPXW250416P05480000,2025-04-16,13:30,135.03,13:30,100,2025-04-16 16:00:00,150.0,1,-14.969999999999999,-11.086425238835814,False
SPXW250416P05485000,2025-04-16,13:30,149.24,13:30,1,2025-04-16 15:36:00,128.19,1,21.05000000000001,14.104797641383012,True
SPXW250416P05490000,2025-04-16,12:21,136.6,12:21,2,2025-04-16 15:56:00,151.9,1,-15.300000000000011,-11.200585651537343,False
SPXW250421C05400000,2025-04-21,10:00,0.6,10:00,1,2025-04-21 16:00:00,0.1,6,0.5,83.33333333333334,True
SPXW250421C05405000,2025-04-21,10:34,0.4,10:34,1,2025-04-21 15:48:00,0.07,2,0.33,82.5,True
SPXW250421C05410000,2025-04-21,10:28,0.35,10:28,17,2025-04-21 16:00:00,0.07,76,0.27999999999999997,80.0,True
SPXW250421C05415000,2025-04-21,11:21,0.25,11:21,1,2025-04-21 16:00:00,0.1,10,0.15,60.0,True
SPXW250421C05420000,2025-04-21,10:11,0.35,10:11,1,2025-04-21 16:00:00,0.05,12,0.3,85.71428571428572,True
SPXW250421C05425000,2025-04-21,10:35,0.2,10:35,7,2025-04-21 15:49:00,0.07,2,0.13,65.0,True
SPXW250421C05430000,2025-04-21,10:08,0.25,10:08,1,2025-04-21 16:00:00,0.1,12,0.15,60.0,True
SPXW250421C05435000,2025-04-21,10:35,0.15,10:35,6,2025-04-21 16:00:00,0.05,5,0.09999999999999999,66.66666666666666,True
SPXW250421C05440000,2025-04-21,10:04,0.2,10:04,1,2025-04-21 15:46:00,0.07,2,0.13,65.0,True
SPXW250421C05445000,2025-04-21,11:11,0.15,11:11,1,2025-04-21 15:57:00,0.05,1,0.09999999999999999,66.66666666666666,True
SPXW250421C05450000,2025-04-21,10:07,0.15,10:07,1,2025-04-21 15:53:00,0.1,38,0.04999999999999999,33.33333333333333,True
SPXW250421C05455000,2025-04-21,10:11,0.15,10:11,1,2025-04-21 15:50:00,0.1,2,0.04999999999999999,33.33333333333333,True
SPXW250421C05460000,2025-04-21,10:10,0.1,10:10,2,2025-04-21 15:51:00,0.05,2,0.05,50.0,True
SPXW250421C05465000,2025-04-21,11:26,0.1,11:26,1,2025-04-21 15:49:00,0.05,1,0.05,50.0,True
SPXW250421C05470000,2025-04-21,12:34,0.1,12:34,1,2025-04-21 15:50:00,0.05,6,0.05,50.0,True
SPXW250421C05475000,2025-04-21,10:51,0.1,10:51,1,2025-04-21 15:56:00,0.05,6,0.05,50.0,True
SPXW250421C05480000,2025-04-21,13:30,0.05,13:30,7,2025-04-21 16:00:00,0.05,1,0.0,0.0,False
SPXW250421C05485000,2025-04-21,13:30,0.07,13:30,4,2025-04-21 16:00:00,0.05,71,0.020000000000000004,28.571428571428577,True
SPXW250421C05490000,2025-04-21,10:09,0.1,10:09,1,2025-04-21 15:55:00,0.05,2,0.05,50.0,True
SPXW250421C05495000,2025-04-21,13:30,0.09,13:30,12,2025-04-21 15:54:00,0.03,9,0.06,66.66666666666666,True
SPXW250421C05500000,2025-04-21,11:59,0.07,11:59,10,2025-04-21 15:51:00,0.03,2,0.04000000000000001,57.14285714285715,True
SPXW250421P05400000,2025-04-21,10:16,171.82,10:16,3,2025-04-21 15:50:00,269.76,1,-97.94,-57.00151321150041,False
SPXW250421P05405000,2025-04-21,13:30,173.65,13:30,6,2025-04-21 15:46:00,271.24,1,-97.59,-56.199251367693634,False
SPXW250421P05410000,2025-04-21,13:30,179.08,13:30,1,2025-04-21 15:06:00,249.8,1,-70.72,-39.4907303998213,False
SPXW250421P05425000,2025-04-21,12:34,200.1,12:34,2,2025-04-21 15:01:00,260.94,1,-60.84,-30.4047976011994,False
SPXW250421P05430000,2025-04-21,13:30,198.78,13:30,2,2025-04-21 15:06:00,269.75,1,-70.97,-35.7027870007043,False
SPXW250421P05450000,2025-04-21,13:34,228.19,13:34,2,2025-04-21 15:27:00,299.76,1,-71.57,-31.364214032166178,False
SPXW250421P05460000,2025-04-21,12:34,235.0,12:34,2,2025-04-21 15:05:00,301.4,1,-66.39999999999998,-28.25531914893616,False
SPXW250421P05470000,2025-04-21,13:47,263.41,13:47,2,2025-04-21 15:29:00,323.7,6,-60.289999999999964,-22.888273034432995,False
SPXW250421P05475000,2025-04-21,13:42,261.0,13:42,1,2025-04-21 15:37:00,338.44,1,-77.44,-29.670498084291186,False
SPXW250421P05480000,2025-04-21,11:55,269.2,11:55,2,2025-04-21 15:29:00,335.2,6,-66.0,-24.517087667161963,False
SPXW250421P05490000,2025-04-21,13:21,267.5,13:21,2,2025-04-21 15:24:00,336.52,1,-69.01999999999998,-25.8018691588785,False
SPXW250421P05500000,2025-04-21,13:31,270.51,13:31,5,2025-04-21 15:44:00,365.33,1,-94.82,-35.05230860226978,False
SPXW250423C05405000,2025-04-23,10:08,26.4,10:08,1,2025-04-23 16:00:00,18.9,21,7.5,28.40909090909091,True
SPXW250423C05410000,2025-04-23,10:03,23.9,10:03,1,2025-04-23 16:00:00,17.0,6,6.899999999999999,28.870292887029287,True
SPXW250423C05415000,2025-04-23,10:15,21.7,10:15,20,2025-04-23 16:00:00,15.0,68,6.699999999999999,30.87557603686636,True
SPXW250423C05420000,2025-04-23,10:01,19.57,10:01,1,2025-04-23 16:00:00,13.3,33,6.27,32.03883495145631,True
SPXW250423C05425000,2025-04-23,10:05,18.0,10:05,2,2025-04-23 16:00:00,11.9,4,6.1,33.888888888888886,True
SPXW250423C05430000,2025-04-23,10:19,17.1,10:19,1,2025-04-23 16:00:00,10.7,28,6.400000000000002,37.426900584795334,True
SPXW250423C05440000,2025-04-23,10:08,13.0,10:08,1,2025-04-23 16:00:00,8.53,51,4.470000000000001,34.384615384615394,True
SPXW250423C05445000,2025-04-23,10:03,11.2,10:03,2,2025-04-23 16:00:00,7.62,40,3.579999999999999,31.96428571428571,True
SPXW250423C05450000,2025-04-23,10:00,9.99,10:00,1,2025-04-23 16:00:00,6.5,80,3.49,34.93493493493494,True
SPXW250423C05460000,2025-04-23,10:06,8.0,10:06,1,2025-04-23 16:00:00,5.41,26,2.59,32.375,True
SPXW250423C05465000,2025-04-23,10:02,7.0,10:02,1,2025-04-23 16:00:00,4.61,26,2.3899999999999997,34.14285714285714,True
SPXW250423C05470000,2025-04-23,10:01,5.9,10:01,4,2025-04-23 16:00:00,4.08,32,1.8200000000000003,30.847457627118647,True
SPXW250423C05475000,2025-04-23,10:03,5.5,10:03,1,2025-04-23 16:00:00,3.58,31,1.92,34.90909090909091,True
SPXW250423C05480000,2025-04-23,10:00,4.7,10:00,2,2025-04-23 16:00:00,3.2,96,1.5,31.914893617021274,True
SPXW250423C05485000,2025-04-23,10:11,4.5,10:11,1,2025-04-23 16:00:00,2.8,68,1.7000000000000002,37.777777777777786,True
SPXW250423C05490000,2025-04-23,10:02,3.8,10:02,1,2025-04-23 16:00:00,2.5,35,1.2999999999999998,34.210526315789465,True
SPXW250423C05495000,2025-04-23,10:01,3.2,10:01,1,2025-04-23 16:00:00,2.3,62,0.9000000000000004,28.12500000000001,True
SPXW250423C05500000,2025-04-23,10:01,2.85,10:01,3,2025-04-23 16:00:00,2.0,120,0.8500000000000001,29.824561403508774,True
SPXW250423C05505000,2025-04-23,10:00,2.6,10:00,1,2025-04-23 16:00:00,1.8,33,0.8,30.76923076923077,True
SPXW250423P05405000,2025-04-23,10:00,32.5,10:00,1,2025-04-23 16:00:00,35.7,21,-3.200000000000003,-9.846153846153854,False
SPXW250423P05410000,2025-04-23,10:28,31.1,10:28,9,2025-04-23 16:00:00,38.77,18,-7.670000000000002,-24.66237942122187,False
SPXW250423P05415000,2025-04-23,10:20,35.9,10:20,5,2025-04-23 16:00:00,40.4,15,-4.5,-12.534818941504177,False
SPXW250423P05420000,2025-04-23,10:11,40.43,10:11,1,2025-04-23 16:00:00,45.2,6,-4.770000000000003,-11.798169675983189,False
SPXW250423P05425000,2025-04-23,10:40,37.66,10:40,1,2025-04-23 16:00:00,48.9,5,-11.240000000000002,-29.845990440785986,False
SPXW250423P05430000,2025-04-23,10:31,42.6,10:31,6,2025-04-23 16:00:00,52.07,4,-9.469999999999999,-22.230046948356804,False
SPXW250423P05435000,2025-04-23,10:27,46.6,10:27,5,2025-04-23 16:00:00,56.4,11,-9.799999999999997,-21.030042918454928,False
SPXW250423P05440000,2025-04-23,10:20,51.5,10:20,2,2025-04-23 16:00:00,60.1,10,-8.600000000000001,-16.699029126213595,False
SPXW250423P05445000,2025-04-23,10:36,49.9,10:36,2,2025-04-23 16:00:00,64.8,3,-14.899999999999999,-29.859719438877754,False
SPXW250423P05450000,2025-04-23,10:40,53.86,10:40,1,2025-04-23 16:00:00,68.8,1,-14.939999999999998,-27.738581507612324,False
SPXW250423P05465000,2025-04-23,10:41,63.83,10:41,4,2025-04-23 15:59:00,79.42,1,-15.590000000000003,-24.424251919160277,False
SPXW250423P05470000,2025-04-23,12:31,66.2,12:31,1,2025-04-23 15:58:00,79.7,1,-13.5,-20.39274924471299,False
SPXW250423P05475000,2025-04-23,11:40,69.1,11:40,2,2025-04-23 15:52:00,101.21,10,-32.11,-46.46888567293777,False
SPXW250423P05480000,2025-04-23,10:55,67.9,10:55,2,2025-04-23 15:58:00,89.9,2,-22.0,-32.40058910162003,False
SPXW250423P05485000,2025-04-23,13:32,65.58,13:32,1,2025-04-23 15:54:00,107.23,1,-41.650000000000006,-63.51021652942972,False
SPXW250423P05490000,2025-04-23,10:12,95.2,10:12,2,2025-04-23 16:00:00,102.1,1,-6.8999999999999915,-7.247899159663857,False
SPXW250423P05495000,2025-04-23,13:35,73.11,13:35,1,2025-04-23 15:58:00,103.7,2,-30.590000000000003,-41.84106141430721,False
SPXW250423P05500000,2025-04-23,10:12,104.4,10:12,2,2025-04-23 15:57:00,108.1,2,-3.6999999999999886,-3.5440613026819814,False
SPXW250423P05505000,2025-04-23,13:38,69.1,13:38,6,2025-04-23 15:55:00,122.1,1,-53.0,-76.70043415340088,False
SPXW250425C05410000,2025-04-25,10:10,89.7,10:10,2,2025-04-25 15:57:00,81.6,3,8.100000000000009,9.03010033444817,True
SPXW250425C05415000,2025-04-25,10:54,64.12,10:54,2,2025-04-25 15:54:00,74.7,2,-10.579999999999998,-16.50031191515907,False
SPXW250425C05420000,2025-04-25,10:23,78.2,10:23,2,2025-04-25 15:56:00,70.0,2,8.200000000000003,10.48593350383632,True
SPXW250425C05425000,2025-04-25,10:21,68.79,10:21,1,2025-04-25 15:57:00,65.03,17,3.760000000000005,5.465910742840536,True
SPXW250425C05430000,2025-04-25,10:35,59.9,10:35,1,2025-04-25 16:00:00,61.47,1,-1.5700000000000003,-2.6210350584307185,False
SPXW250425C05440000,2025-04-25,10:14,67.7,10:14,2,2025-04-25 16:00:00,52.55,1,15.150000000000006,22.378138847858207,True
SPXW250425C05445000,2025-04-25,10:42,45.9,10:42,2,2025-04-25 15:59:00,48.9,1,-3.0,-6.535947712418301,False
SPXW250425C05455000,2025-04-25,10:12,54.8,10:12,2,2025-04-25 15:59:00,38.58,1,16.22,29.598540145985403,True
SPXW250425C05460000,2025-04-25,10:05,55.9,10:05,2,2025-04-25 16:00:00,35.05,1,20.85,37.29874776386405,True
SPXW250425C05465000,2025-04-25,10:12,47.7,10:12,5,2025-04-25 16:00:00,31.5,3,16.200000000000003,33.9622641509434,True
SPXW250425C05475000,2025-04-25,10:20,35.2,10:20,11,2025-04-25 16:00:00,24.1,8,11.100000000000001,31.53409090909091,True
SPXW250425C05480000,2025-04-25,10:07,40.0,10:07,1,2025-04-25 16:00:00,20.7,27,19.3,48.25000000000001,True
SPXW250425C05485000,2025-04-25,10:05,38.1,10:05,1,2025-04-25 16:00:00,17.4,45,20.700000000000003,54.330708661417326,True
SPXW250425C05490000,2025-04-25,10:07,33.4,10:07,1,2025-04-25 16:00:00,14.5,88,18.9,56.58682634730538,True
SPXW250425C05495000,2025-04-25,10:14,30.6,10:14,2,2025-04-25 16:00:00,12.1,54,18.5,60.45751633986928,True
SPXW250425C05500000,2025-04-25,10:01,29.2,10:01,1,2025-04-25 16:00:00,9.9,115,19.299999999999997,66.09589041095889,True
SPXW250425C05505000,2025-04-25,10:17,23.2,10:17,1,2025-04-25 16:00:00,8.1,61,15.1,65.08620689655173,True
SPXW250425C05510000,2025-04-25,10:08,23.4,10:08,8,2025-04-25 16:00:00,6.3,86,17.099999999999998,73.07692307692307,True
SPXW250425P05410000,2025-04-25,10:12,6.3,10:12,1,2025-04-25 16:00:00,1.46,76,4.84,76.82539682539684,True
SPXW250425P05420000,2025-04-25,10:08,7.2,10:08,1,2025-04-25 16:00:00,1.88,93,5.32,73.88888888888889,True
SPXW250425P05425000,2025-04-25,10:10,8.5,10:10,1,2025-04-25 16:00:00,2.05,37,6.45,75.88235294117646,True
SPXW250425P05430000,2025-04-25,10:05,7.97,10:05,1,2025-04-25 16:00:00,2.35,72,5.619999999999999,70.51442910915934,True
SPXW250425P05435000,2025-04-25,10:10,10.2,10:10,2,2025-04-25 16:00:00,2.7,108,7.499999999999999,73.52941176470587,True
SPXW250425P05440000,2025-04-25,10:02,9.9,10:02,1,2025-04-25 16:00:00,3.2,61,6.7,67.67676767676768,True
SPXW250425P05445000,2025-04-25,10:06,11.1,10:06,1,2025-04-25 16:00:00,3.72,92,7.379999999999999,66.48648648648648,True
SPXW250425P05450000,2025-04-25,10:01,12.0,10:01,1,2025-04-25 16:00:00,4.2,79,7.8,65.0,True
SPXW250425P05455000,2025-04-25,10:09,14.7,10:09,1,2025-04-25 16:00:00,4.97,32,9.73,66.1904761904762,True
SPXW250425P05460000,2025-04-25,10:02,14.24,10:02,1,2025-04-25 16:00:00,5.9,86,8.34,58.56741573033708,True
SPXW250425P05465000,2025-04-25,10:07,16.5,10:07,3,2025-04-25 16:00:00,6.9,39,9.6,58.18181818181818,True
SPXW250425P05475000,2025-04-25,10:02,19.3,10:02,10,2025-04-25 16:00:00,9.4,59,9.9,51.29533678756477,True
SPXW250425P05480000,2025-04-25,10:01,20.8,10:01,1,2025-04-25 16:00:00,11.2,29,9.600000000000001,46.15384615384615,True
SPXW250425P05485000,2025-04-25,10:01,22.3,10:01,1,2025-04-25 16:00:00,13.0,59,9.3,41.70403587443946,True
SPXW250425P05490000,2025-04-25,10:03,25.0,10:03,4,2025-04-25 16:00:00,15.1,62,9.9,39.6,True
SPXW250425P05495000,2025-04-25,10:07,27.7,10:07,1,2025-04-25 16:00:00,17.8,14,9.899999999999999,35.74007220216606,True
SPXW250425P05500000,2025-04-25,10:00,27.6,10:00,10,2025-04-25 16:00:00,20.3,19,7.300000000000001,26.44927536231884,True
SPXW250425P05505000,2025-04-25,10:19,35.0,10:19,3,2025-04-25 16:00:00,24.4,4,10.600000000000001,30.28571428571429,True
SPXW250425P05510000,2025-04-25,10:59,60.2,10:59,2,2025-04-25 16:00:00,27.0,2,33.2,55.14950166112958,True
SPXW250428C05415000,2025-04-28,12:06,102.0,12:06,2,2025-04-28 15:51:00,78.6,4,23.400000000000006,22.94117647058824,True
SPXW250428C05420000,2025-04-28,12:06,97.3,12:06,2,2025-04-28 16:00:00,74.43,2,22.86999999999999,23.504624871531338,True
SPXW250428C05425000,2025-04-28,13:30,107.4,13:30,2,2025-04-28 16:00:00,69.73,11,37.67,35.07448789571694,True
SPXW250428C05430000,2025-04-28,13:50,110.1,13:50,2,2025-04-28 15:55:00,65.9,3,44.19999999999999,40.14532243415076,True
SPXW250428C05435000,2025-04-28,12:09,79.9,12:09,2,2025-04-28 15:54:00,61.5,4,18.400000000000006,23.0287859824781,True
SPXW250428C05440000,2025-04-28,10:03,82.1,10:03,1,2025-04-28 15:55:00,56.8,3,25.299999999999997,30.81607795371498,True
SPXW250428C05445000,2025-04-28,12:54,84.1,12:54,2,2025-04-28 15:54:00,56.5,2,27.599999999999994,32.8180737217598,True
SPXW250428C05450000,2025-04-28,12:09,67.71,12:09,2,2025-04-28 15:57:00,44.7,1,23.00999999999999,33.9831634913602,True
SPXW250428C05460000,2025-04-28,10:51,57.7,10:51,2,2025-04-28 16:00:00,38.0,2,19.700000000000003,34.1421143847487,True
SPXW250428C05470000,2025-04-28,11:18,51.5,11:18,2,2025-04-28 16:00:00,29.1,22,22.4,43.49514563106796,True
SPXW250428C05475000,2025-04-28,10:23,46.6,10:23,2,2025-04-28 16:00:00,25.4,10,21.200000000000003,45.49356223175966,True
SPXW250428C05480000,2025-04-28,10:00,46.7,10:00,1,2025-04-28 16:00:00,22.0,18,24.700000000000003,52.890792291220556,True
SPXW250428C05485000,2025-04-28,11:33,43.58,11:33,2,2025-04-28 16:00:00,18.9,37,24.68,56.63148233134465,True
SPXW250428C05490000,2025-04-28,10:00,39.6,10:00,1,2025-04-28 16:00:00,16.3,72,23.3,58.838383838383834,True
SPXW250428C05495000,2025-04-28,10:05,37.0,10:05,4,2025-04-28 16:00:00,13.7,104,23.3,62.972972972972975,True
SPXW250428C05500000,2025-04-28,10:22,29.8,10:22,1,2025-04-28 16:00:00,11.62,108,18.18,61.006711409395976,True
SPXW250428C05505000,2025-04-28,10:21,27.0,10:21,2,2025-04-28 16:00:00,9.6,41,17.4,64.44444444444444,True
SPXW250428C05510000,2025-04-28,10:13,25.9,10:13,2,2025-04-28 16:00:00,7.8,73,18.099999999999998,69.88416988416988,True
SPXW250428C05515000,2025-04-28,10:10,23.4,10:10,1,2025-04-28 16:00:00,6.3,76,17.099999999999998,73.07692307692307,True
SPXW250428P05420000,2025-04-28,10:00,3.1,10:00,30,2025-04-28 16:00:00,1.96,24,1.1400000000000001,36.7741935483871,True
SPXW250428P05430000,2025-04-28,10:00,3.8,10:00,3,2025-04-28 16:00:00,2.65,61,1.15,30.263157894736842,True
SPXW250428P05435000,2025-04-28,10:09,4.2,10:09,1,2025-04-28 16:00:00,3.2,32,1.0,23.809523809523807,True
SPXW250428P05440000,2025-04-28,10:01,4.8,10:01,1,2025-04-28 16:00:00,3.6,65,1.1999999999999997,24.999999999999993,True
SPXW250428P05445000,2025-04-28,10:00,5.3,10:00,11,2025-04-28 16:00:00,4.3,75,1.0,18.867924528301888,True
SPXW250428P05450000,2025-04-28,10:00,5.9,10:00,1,2025-04-28 16:00:00,5.1,54,0.8000000000000007,13.559322033898317,True
SPXW250428P05455000,2025-04-28,10:10,6.7,10:10,1,2025-04-28 16:00:00,5.9,32,0.7999999999999998,11.940298507462684,True
SPXW250428P05460000,2025-04-28,10:05,7.0,10:05,1,2025-04-28 16:00:00,7.0,59,0.0,0.0,False
SPXW250428P05465000,2025-04-28,10:00,8.4,10:00,1,2025-04-28 16:00:00,8.0,34,0.40000000000000036,4.761904761904765,True
SPXW250428P05475000,2025-04-28,10:21,11.4,10:21,4,2025-04-28 16:00:00,10.9,79,0.5,4.385964912280701,True
SPXW250428P05485000,2025-04-28,10:22,14.6,10:22,1,2025-04-28 16:00:00,14.4,67,0.1999999999999993,1.3698630136986254,True
SPXW250428P05490000,2025-04-28,10:02,13.9,10:02,1,2025-04-28 16:00:00,16.9,91,-2.9999999999999982,-21.582733812949627,False
SPXW250428P05495000,2025-04-28,10:00,15.5,10:00,1,2025-04-28 16:00:00,19.4,58,-3.8999999999999986,-25.161290322580637,False
SPXW250428P05500000,2025-04-28,10:00,17.3,10:00,15,2025-04-28 16:00:00,22.0,70,-4.699999999999999,-27.167630057803464,False
SPXW250428P05505000,2025-04-28,10:19,19.9,10:19,1,2025-04-28 16:00:00,25.2,28,-5.300000000000001,-26.63316582914573,False
SPXW250428P05510000,2025-04-28,10:23,24.6,10:23,2,2025-04-28 16:00:00,28.3,20,-3.6999999999999993,-15.04065040650406,False
SPXW250428P05515000,2025-04-28,10:11,22.9,10:11,1,2025-04-28 16:00:00,32.2,5,-9.300000000000004,-40.611353711790414,False
SPXW250430C05420000,2025-04-30,10:31,124.19,10:31,1,2025-04-30 16:00:00,96.1,3,28.090000000000003,22.618568322731303,True
SPXW250430C05430000,2025-04-30,13:20,66.47,13:20,1,2025-04-30 15:56:00,85.7,1,-19.230000000000004,-28.93034451632316,False
SPXW250430C05435000,2025-04-30,13:02,62.77,13:02,10,2025-04-30 16:00:00,81.0,1,-18.229999999999997,-29.042536243428387,False
SPXW250430C05440000,2025-04-30,12:31,84.27,12:31,2,2025-04-30 15:59:00,72.35,1,11.920000000000002,14.145010086626323,True
SPXW250430C05450000,2025-04-30,11:25,98.2,11:25,1,2025-04-30 16:00:00,67.78,6,30.42,30.9775967413442,True
SPXW250430C05460000,2025-04-30,12:43,46.0,12:43,1,2025-04-30 16:00:00,57.0,6,-11.0,-23.91304347826087,False
SPXW250430C05465000,2025-04-30,12:41,46.5,12:41,5,2025-04-30 16:00:00,54.3,35,-7.799999999999997,-16.77419354838709,False
SPXW250430C05470000,2025-04-30,12:36,50.1,12:36,6,2025-04-30 16:00:00,50.2,4,-0.10000000000000142,-0.19960079840319644,False
SPXW250430C05480000,2025-04-30,12:16,61.3,12:16,1,2025-04-30 16:00:00,41.3,11,20.0,32.62642740619902,True
SPXW250430C05485000,2025-04-30,12:24,49.4,12:24,4,2025-04-30 16:00:00,38.3,3,11.100000000000001,22.46963562753037,True
SPXW250430C05490000,2025-04-30,12:17,51.7,12:17,2,2025-04-30 16:00:00,34.0,10,17.700000000000003,34.235976789168284,True
SPXW250430C05495000,2025-04-30,12:22,44.7,12:22,6,2025-04-30 16:00:00,30.9,30,13.800000000000004,30.872483221476514,True
SPXW250430C05500000,2025-04-30,11:15,62.0,11:15,50,2025-04-30 16:00:00,25.6,34,36.4,58.70967741935483,True
SPXW250430C05505000,2025-04-30,12:15,44.4,12:15,5,2025-04-30 16:00:00,22.68,85,21.72,48.91891891891892,True
SPXW250430C05510000,2025-04-30,11:46,46.6,11:46,4,2025-04-30 16:00:00,19.8,99,26.8,57.5107296137339,True
SPXW250430C05515000,2025-04-30,10:31,41.9,10:31,10,2025-04-30 16:00:00,17.28,140,24.619999999999997,58.758949880668254,True
SPXW250430C05520000,2025-04-30,10:00,45.9,10:00,4,2025-04-30 16:00:00,15.2,83,30.7,66.88453159041394,True
SPXW250430P05420000,2025-04-30,10:03,1.8,10:03,1,2025-04-30 16:00:00,1.32,86,0.48,26.666666666666668,True
SPXW250430P05425000,2025-04-30,10:11,2.0,10:11,1,2025-04-30 16:00:00,1.47,37,0.53,26.5,True
SPXW250430P05430000,2025-04-30,10:15,2.3,10:15,1,2025-04-30 16:00:00,1.75,73,0.5499999999999998,23.913043478260864,True
SPXW250430P05435000,2025-04-30,10:00,2.5,10:00,1,2025-04-30 16:00:00,2.06,50,0.43999999999999995,17.599999999999998,True
SPXW250430P05440000,2025-04-30,10:11,2.85,10:11,1,2025-04-30 16:00:00,2.42,237,0.43000000000000016,15.08771929824562,True
SPXW250430P05445000,2025-04-30,10:03,3.2,10:03,1,2025-04-30 16:00:00,2.77,148,0.43000000000000016,13.437500000000005,True
SPXW250430P05455000,2025-04-30,10:02,3.8,10:02,1,2025-04-30 16:00:00,3.75,43,0.04999999999999982,1.315789473684206,True
SPXW250430P05460000,2025-04-30,10:04,4.4,10:04,1,2025-04-30 16:00:00,4.3,97,0.10000000000000053,2.2727272727272845,True
SPXW250430P05465000,2025-04-30,10:18,5.1,10:18,10,2025-04-30 16:00:00,5.1,27,0.0,0.0,False
SPXW250430P05475000,2025-04-30,10:18,6.3,10:18,5,2025-04-30 16:00:00,6.55,74,-0.25,-3.968253968253968,False
SPXW250430P05485000,2025-04-30,10:01,7.0,10:01,1,2025-04-30 16:00:00,8.7,79,-1.6999999999999993,-24.285714285714274,False
SPXW250430P05490000,2025-04-30,10:22,8.3,10:22,1,2025-04-30 16:00:00,9.8,48,-1.5,-18.072289156626503,False
SPXW250430P05495000,2025-04-30,10:02,8.6,10:02,1,2025-04-30 16:00:00,11.9,61,-3.3000000000000007,-38.37209302325582,False
SPXW250430P05500000,2025-04-30,10:02,9.4,10:02,16,2025-04-30 16:00:00,13.6,46,-4.199999999999999,-44.68085106382978,False
SPXW250430P05505000,2025-04-30,10:01,10.4,10:01,1,2025-04-30 16:00:00,15.2,59,-4.799999999999999,-46.15384615384614,False
SPXW250430P05510000,2025-04-30,10:31,15.2,10:31,3,2025-04-30 16:00:00,17.9,25,-2.6999999999999993,-17.76315789473684,False
SPXW250430P05515000,2025-04-30,10:08,12.9,10:08,1,2025-04-30 16:00:00,19.1,30,-6.200000000000001,-48.062015503875976,False
SPXW250430P05520000,2025-04-30,10:27,15.0,10:27,1,2025-04-30 16:00:00,21.5,10,-6.5,-43.333333333333336,False
SPXW250502C05425000,2025-05-02,12:31,221.3,12:31,2,2025-05-02 15:03:00,248.68,1,-27.379999999999995,-12.372345232715768,False
SPXW250502C05430000,2025-05-02,12:40,221.6,12:40,2,2025-05-02 15:49:00,249.35,10,-27.75,-12.522563176895307,False
SPXW250502C05435000,2025-05-02,13:30,227.9,13:30,2,2025-05-02 15:36:00,236.8,2,-8.900000000000006,-3.9052215884159738,False
SPXW250502C05460000,2025-05-02,12:37,191.02,12:37,1,2025-05-02 15:31:00,206.8,2,-15.780000000000001,-8.260915087425401,False
SPXW250502C05470000,2025-05-02,13:30,191.97,13:30,2,2025-05-02 15:50:00,209.6,2,-17.629999999999995,-9.183726623951657,False
SPXW250502C05475000,2025-05-02,12:38,181.1,12:38,2,2025-05-02 15:46:00,203.52,8,-22.420000000000016,-12.379900607399236,False
SPXW250502C05485000,2025-05-02,13:30,181.22,13:30,10,2025-05-02 15:20:00,187.8,6,-6.5800000000000125,-3.6309458117205677,False
SPXW250502C05490000,2025-05-02,13:30,176.27,13:30,11,2025-05-02 15:50:00,189.6,2,-13.329999999999984,-7.562262438304863,False
SPXW250502C05495000,2025-05-02,12:44,155.8,12:44,2,2025-05-02 15:46:00,183.47,8,-27.669999999999987,-17.75994865211809,False
SPXW250502C05500000,2025-05-02,12:44,151.8,12:44,2,2025-05-02 15:13:00,171.44,2,-19.639999999999986,-12.938076416337276,False
SPXW250502C05505000,2025-05-02,12:44,146.9,12:44,2,2025-05-02 15:30:00,159.8,2,-12.900000000000006,-8.781484002722944,False
SPXW250502C05510000,2025-05-02,12:44,141.1,12:44,2,2025-05-02 15:53:00,168.51,1,-27.409999999999997,-19.42593905031892,False
SPXW250502C05515000,2025-05-02,13:31,151.4,13:31,2,2025-05-02 15:19:00,159.72,1,-8.319999999999993,-5.495376486129453,False
SPXW250502C05520000,2025-05-02,13:30,142.6,13:30,4,2025-05-02 15:49:00,158.93,10,-16.330000000000013,-11.451612903225817,False
SPXW250502C05525000,2025-05-02,12:47,130.67,12:47,10,2025-05-02 15:50:00,153.7,2,-23.03,-17.6245503941226,False
SPXW250502P05425000,2025-05-02,10:16,0.95,10:16,1,2025-05-02 16:00:00,0.1,10,0.85,89.47368421052632,True
SPXW250502P05430000,2025-05-02,10:08,1.1,10:08,1,2025-05-02 15:57:00,0.12,1,0.9800000000000001,89.0909090909091,True
SPXW250502P05450000,2025-05-02,10:00,1.7,10:00,1,2025-05-02 15:53:00,0.12,1,1.58,92.94117647058823,True
SPXW250502P05455000,2025-05-02,10:06,1.85,10:06,1,2025-05-02 15:52:00,0.15,40,1.7000000000000002,91.8918918918919,True
SPXW250502P05460000,2025-05-02,10:02,2.1,10:02,1,2025-05-02 16:00:00,0.12,5,1.98,94.28571428571428,True
SPXW250502P05465000,2025-05-02,10:06,2.2,10:06,1,2025-05-02 15:50:00,0.1,1,2.1,95.45454545454545,True
SPXW250502P05470000,2025-05-02,10:00,2.6,10:00,1,2025-05-02 16:00:00,0.15,1,2.45,94.23076923076923,True
SPXW250502P05475000,2025-05-02,10:00,2.75,10:00,2,2025-05-02 15:57:00,0.15,3,2.6,94.54545454545455,True
SPXW250502P05480000,2025-05-02,10:00,3.3,10:00,1,2025-05-02 16:00:00,0.15,1,3.15,95.45454545454545,True
SPXW250502P05485000,2025-05-02,10:00,3.5,10:00,2,2025-05-02 16:00:00,0.17,2,3.33,95.14285714285714,True
SPXW250502P05495000,2025-05-02,10:03,4.0,10:03,10,2025-05-02 15:57:00,0.17,1,3.83,95.75,True
SPXW250502P05500000,2025-05-02,10:01,4.5,10:01,2,2025-05-02 16:00:00,0.17,8,4.33,96.22222222222221,True
SPXW250502P05505000,2025-05-02,10:00,5.1,10:00,1,2025-05-02 16:00:00,0.22,1,4.88,95.68627450980392,True
SPXW250502P05510000,2025-05-02,10:01,5.3,10:01,1,2025-05-02 15:56:00,0.22,20,5.08,95.84905660377359,True
SPXW250502P05515000,2025-05-02,10:36,5.5,10:36,1,2025-05-02 16:00:00,0.2,1,5.3,96.36363636363636,True
SPXW250502P05520000,2025-05-02,10:00,6.3,10:00,3,2025-05-02 16:00:00,0.22,10,6.08,96.5079365079365,True
SPXW250502P05525000,2025-05-02,10:09,6.74,10:09,1,2025-05-02 16:00:00,0.25,17,6.49,96.29080118694363,True
SPXW250505C05430000,2025-05-05,13:31,212.6,13:31,2,2025-05-05 15:53:00,237.8,3,-25.200000000000017,-11.853245531514588,False
SPXW250505C05440000,2025-05-05,13:34,206.89,13:34,1,2025-05-05 15:41:00,220.5,2,-13.610000000000014,-6.578374981874433,False
SPXW250505C05445000,2025-05-05,13:31,194.45,13:31,1,2025-05-05 15:37:00,214.9,2,-20.450000000000017,-10.516842375932125,False
SPXW250505C05450000,2025-05-05,13:31,193.44,13:31,1,2025-05-05 15:51:00,216.07,5,-22.629999999999995,-11.698717948717945,False
SPXW250505C05460000,2025-05-05,13:35,186.49,13:35,1,2025-05-05 15:51:00,206.04,5,-19.549999999999983,-10.4831358249772,False
SPXW250505C05475000,2025-05-05,13:30,169.27,13:30,17,2025-05-05 15:41:00,188.4,2,-19.129999999999995,-11.301471022626568,False
SPXW250505C05490000,2025-05-05,13:40,148.3,13:40,1,2025-05-05 15:50:00,175.3,2,-27.0,-18.206338503034388,False
SPXW250505C05510000,2025-05-05,13:30,137.33,13:30,12,2025-05-05 15:45:00,154.6,2,-17.269999999999982,-12.57554795019295,False
SPXW250505C05515000,2025-05-05,13:34,130.6,13:34,2,2025-05-05 15:27:00,148.6,2,-18.0,-13.782542113323123,False
SPXW250505C05520000,2025-05-05,13:30,127.48,13:30,12,2025-05-05 15:54:00,147.9,1,-20.42,-16.018198933165987,False
SPXW250505C05525000,2025-05-05,11:37,114.8,11:37,1,2025-05-05 15:04:00,142.8,2,-28.000000000000014,-24.39024390243904,False
SPXW250505C05530000,2025-05-05,13:30,116.9,13:30,2,2025-05-05 15:52:00,137.4,1,-20.5,-17.53635585970915,False
SPXW250505P05430000,2025-05-05,10:00,0.15,10:00,2,2025-05-05 15:46:00,0.07,2,0.07999999999999999,53.333333333333336,True
SPXW250505P05435000,2025-05-05,11:17,0.15,11:17,87,2025-05-05 16:00:00,0.05,1,0.09999999999999999,66.66666666666666,True
SPXW250505P05440000,2025-05-05,11:51,0.2,11:51,1,2025-05-05 15:55:00,0.1,3,0.1,50.0,True
SPXW250505P05445000,2025-05-05,11:40,0.25,11:40,85,2025-05-05 15:22:00,0.05,1,0.2,80.0,True
SPXW250505P05450000,2025-05-05,10:38,0.15,10:38,1,2025-05-05 15:55:00,0.05,1,0.09999999999999999,66.66666666666666,True
SPXW250505P05460000,2025-05-05,10:49,0.25,10:49,1,2025-05-05 15:21:00,0.07,3,0.18,72.0,True
SPXW250505P05465000,2025-05-05,10:01,0.3,10:01,1,2025-05-05 15:51:00,0.05,1,0.25,83.33333333333334,True
SPXW250505P05475000,2025-05-05,10:57,0.3,10:57,1,2025-05-05 15:56:00,0.05,1,0.25,83.33333333333334,True
SPXW250505P05480000,2025-05-05,10:14,0.4,10:14,1,2025-05-05 15:53:00,0.07,1,0.33,82.5,True
SPXW250505P05490000,2025-05-05,10:02,0.6,10:02,1,2025-05-05 15:50:00,0.1,2,0.5,83.33333333333334,True
SPXW250505P05495000,2025-05-05,11:30,0.7,11:30,1,2025-05-05 16:00:00,0.07,1,0.6299999999999999,89.99999999999999,True
SPXW250505P05500000,2025-05-05,10:05,0.75,10:05,1,2025-05-05 16:00:00,0.07,1,0.6799999999999999,90.66666666666666,True
SPXW250505P05505000,2025-05-05,10:02,0.85,10:02,1,2025-05-05 16:00:00,0.1,7,0.75,88.23529411764706,True
SPXW250505P05510000,2025-05-05,10:00,0.95,10:00,1,2025-05-05 15:59:00,0.1,1,0.85,89.47368421052632,True
SPXW250505P05515000,2025-05-05,10:02,1.1,10:02,1,2025-05-05 16:00:00,0.11,18,0.9900000000000001,90.0,True
SPXW250505P05520000,2025-05-05,10:05,1.35,10:05,1,2025-05-05 16:00:00,0.1,1,1.25,92.59259259259258,True
SPXW250505P05525000,2025-05-05,10:01,1.43,10:01,10,2025-05-05 16:00:00,0.12,2,1.31,91.60839160839161,True
SPXW250505P05530000,2025-05-05,10:00,1.65,10:00,9,2025-05-05 16:00:00,0.12,5,1.5299999999999998,92.72727272727272,True
SPXW250507C05440000,2025-05-07,13:31,180.74,13:31,5,2025-05-07 15:15:00,164.4,1,16.340000000000003,9.040610822175502,True
SPXW250507C05475000,2025-05-07,13:33,144.03,13:33,1,2025-05-07 15:50:00,132.11,2,11.919999999999987,8.276053599944447,True
SPXW250507C05485000,2025-05-07,13:44,143.3,13:44,2,2025-05-07 15:45:00,132.0,2,11.300000000000011,7.885554780181445,True
SPXW250507C05495000,2025-05-07,13:40,128.22,13:40,5,2025-05-07 15:50:00,109.9,2,18.319999999999993,14.287942598658551,True
SPXW250507C05500000,2025-05-07,13:34,121.92,13:34,1,2025-05-07 15:52:00,114.32,1,7.6000000000000085,6.233595800524942,True
SPXW250507C05505000,2025-05-07,13:31,117.8,13:31,1,2025-05-07 15:52:00,108.28,1,9.519999999999996,8.081494057724955,True
SPXW250507C05510000,2025-05-07,13:30,106.75,13:30,12,2025-05-07 16:00:00,105.86,6,0.8900000000000006,0.8337236533957851,True
SPXW250507C05515000,2025-05-07,13:39,105.6,13:39,2,2025-05-07 15:22:00,95.8,10,9.799999999999997,9.280303030303028,True
SPXW250507C05520000,2025-05-07,13:30,97.55,13:30,12,2025-05-07 15:54:00,95.9,5,1.6499999999999915,1.6914402870322822,True
SPXW250507C05525000,2025-05-07,13:30,94.95,13:30,300,2025-05-07 15:58:00,93.02,1,1.9300000000000068,2.0326487625065894,True
SPXW250507C05530000,2025-05-07,13:30,90.31,13:30,1,2025-05-07 15:55:00,86.8,1,3.510000000000005,3.886612778208399,True
SPXW250507C05535000,2025-05-07,13:33,91.49,13:33,2,2025-05-07 15:40:00,82.2,1,9.289999999999992,10.154115203847407,True
SPXW250507P05440000,2025-05-07,10:57,0.35,10:57,6,2025-05-07 15:56:00,0.29,1,0.06,17.142857142857142,True
SPXW250507P05445000,2025-05-07,10:34,0.45,10:34,1,2025-05-07 16:00:00,0.35,1,0.10000000000000003,22.22222222222223,True
SPXW250507P05450000,2025-05-07,10:17,0.45,10:17,1,2025-05-07 16:00:00,0.35,6,0.10000000000000003,22.22222222222223,True
SPXW250507P05455000,2025-05-07,11:33,0.54,11:33,1,2025-05-07 16:00:00,0.42,1,0.12000000000000005,22.22222222222223,True
SPXW250507P05460000,2025-05-07,10:20,0.55,10:20,1,2025-05-07 15:57:00,0.4,1,0.15000000000000002,27.272727272727277,True
SPXW250507P05475000,2025-05-07,10:08,0.85,10:08,2,2025-05-07 16:00:00,0.67,2,0.17999999999999994,21.17647058823529,True
SPXW250507P05480000,2025-05-07,10:45,0.8,10:45,1,2025-05-07 16:00:00,0.75,10,0.050000000000000044,6.250000000000005,True
SPXW250507P05485000,2025-05-07,10:00,1.1,10:00,1,2025-05-07 16:00:00,0.85,21,0.2500000000000001,22.727272727272734,True
SPXW250507P05490000,2025-05-07,10:02,1.3,10:02,2,2025-05-07 16:00:00,0.95,18,0.3500000000000001,26.923076923076927,True
SPXW250507P05495000,2025-05-07,10:51,1.1,10:51,1,2025-05-07 16:00:00,1.1,4,0.0,0.0,False
SPXW250507P05500000,2025-05-07,10:00,1.55,10:00,1,2025-05-07 16:00:00,1.2,25,0.3500000000000001,22.580645161290327,True
SPXW250507P05510000,2025-05-07,10:01,2.05,10:01,1,2025-05-07 16:00:00,1.6,3,0.44999999999999973,21.95121951219511,True
SPXW250507P05515000,2025-05-07,10:01,2.3,10:01,1,2025-05-07 16:00:00,1.8,24,0.4999999999999998,21.7391304347826,True
SPXW250507P05520000,2025-05-07,10:00,2.45,10:00,1,2025-05-07 16:00:00,2.0,16,0.4500000000000002,18.367346938775515,True
SPXW250507P05525000,2025-05-07,10:00,2.85,10:00,3,2025-05-07 16:00:00,2.3,75,0.5500000000000003,19.298245614035096,True
SPXW250507P05530000,2025-05-07,10:06,3.3,10:06,1,2025-05-07 16:00:00,2.65,20,0.6499999999999999,19.696969696969695,True
SPXW250507P05535000,2025-05-07,10:01,3.7,10:01,9,2025-05-07 16:00:00,3.0,11,0.7000000000000002,18.918918918918923,True
SPXW250509C05460000,2025-05-09,13:30,226.4,13:30,2,2025-05-09 15:51:00,209.0,2,17.400000000000006,7.685512367491168,True
SPXW250509C05475000,2025-05-09,13:30,206.14,13:30,1,2025-05-09 15:53:00,196.0,2,10.139999999999986,4.918987096148243,True
SPXW250509C05480000,2025-05-09,13:37,209.3,13:37,2,2025-05-09 15:04:00,185.4,2,23.900000000000006,11.419015766841856,True
SPXW250509C05490000,2025-05-09,13:42,195.7,13:42,2,2025-05-09 16:00:00,181.07,1,14.629999999999995,7.475728155339804,True
SPXW250509C05505000,2025-05-09,13:33,180.9,13:33,2,2025-05-09 15:16:00,156.32,2,24.580000000000013,13.58761746821449,True
SPXW250509C05510000,2025-05-09,13:30,171.73,13:30,1,2025-05-09 15:46:00,155.05,2,16.67999999999998,9.712921446456635,True
SPXW250509C05525000,2025-05-09,13:34,162.41,13:34,1,2025-05-09 15:44:00,137.54,2,24.870000000000005,15.313096484206639,True
SPXW250509C05530000,2025-05-09,13:30,155.63,13:30,5,2025-05-09 15:23:00,129.8,1,25.829999999999984,16.59705712266272,True
SPXW250509C05535000,2025-05-09,13:30,152.5,13:30,5,2025-05-09 15:34:00,125.87,1,26.629999999999995,17.46229508196721,True
SPXW250509C05540000,2025-05-09,12:43,146.76,12:43,1,2025-05-09 15:44:00,122.69,2,24.069999999999993,16.400926683019893,True
SPXW250509P05440000,2025-05-09,13:30,0.07,13:30,1,2025-05-09 16:00:00,0.05,1,0.020000000000000004,28.571428571428577,True
SPXW250509P05450000,2025-05-09,11:29,0.1,11:29,2,2025-05-09 16:00:00,0.05,1,0.05,50.0,True
SPXW250509P05460000,2025-05-09,11:50,0.1,11:50,7,2025-05-09 15:45:00,0.1,9,0.0,0.0,False
SPXW250509P05465000,2025-05-09,11:47,0.1,11:47,6,2025-05-09 15:59:00,0.07,1,0.03,30.0,True
SPXW250509P05470000,2025-05-09,10:15,0.07,10:15,10,2025-05-09 15:46:00,0.1,1,-0.03,-42.85714285714285,False
SPXW250509P05475000,2025-05-09,11:31,0.15,11:31,1,2025-05-09 15:54:00,0.07,2,0.07999999999999999,53.333333333333336,True
SPXW250509P05480000,2025-05-09,11:13,0.07,11:13,1,2025-05-09 15:58:00,0.07,1,0.0,0.0,False
SPXW250509P05485000,2025-05-09,11:27,0.28,11:27,2,2025-05-09 15:55:00,0.1,1,0.18000000000000002,64.28571428571429,True
SPXW250509P05490000,2025-05-09,11:26,0.15,11:26,4,2025-05-09 15:59:00,0.05,1,0.09999999999999999,66.66666666666666,True
SPXW250509P05495000,2025-05-09,10:07,0.12,10:07,1,2025-05-09 16:00:00,0.07,26,0.04999999999999999,41.66666666666666,True
SPXW250509P05500000,2025-05-09,10:00,0.15,10:00,7,2025-05-09 16:00:00,0.1,31,0.04999999999999999,33.33333333333333,True
SPXW250509P05505000,2025-05-09,10:04,0.1,10:04,1,2025-05-09 16:00:00,0.1,117,0.0,0.0,False
SPXW250509P05510000,2025-05-09,10:08,0.15,10:08,1,2025-05-09 16:00:00,0.12,1,0.03,20.0,True
SPXW250509P05515000,2025-05-09,11:01,0.15,11:01,1,2025-05-09 15:58:00,0.1,1,0.04999999999999999,33.33333333333333,True
SPXW250509P05520000,2025-05-09,10:22,0.2,10:22,1,2025-05-09 16:00:00,0.13,27,0.07,35.0,True
SPXW250509P05525000,2025-05-09,10:20,0.2,10:20,1,2025-05-09 16:00:00,0.15,19,0.05000000000000002,25.000000000000007,True
SPXW250509P05530000,2025-05-09,10:09,0.3,10:09,10,2025-05-09 16:00:00,0.17,2,0.12999999999999998,43.33333333333333,True
SPXW250509P05535000,2025-05-09,10:02,0.3,10:02,1,2025-05-09 16:00:00,0.17,2,0.12999999999999998,43.33333333333333,True
SPXW250509P05540000,2025-05-09,10:03,0.35,10:03,1,2025-05-09 16:00:00,0.2,19,0.14999999999999997,42.85714285714285,True
SPXW250512C05450000,2025-05-12,13:30,374.0,13:30,3,2025-05-12 15:57:00,348.8,1,25.19999999999999,6.7379679144385,True
SPXW250512C05495000,2025-05-12,13:36,311.66,13:36,1,2025-05-12 15:16:00,314.03,2,-2.3699999999999477,-0.7604440736700082,False
SPXW250512C05500000,2025-05-12,13:30,324.7,13:30,2,2025-05-12 15:51:00,299.9,2,24.80000000000001,7.63781952571605,True
SPXW250512C05505000,2025-05-12,13:30,319.7,13:30,4,2025-05-12 15:45:00,295.3,2,24.399999999999977,7.632155145448852,True
SPXW250512C05510000,2025-05-12,13:30,313.7,13:30,2,2025-05-12 15:48:00,293.0,2,20.69999999999999,6.598661141217721,True
SPXW250512C05520000,2025-05-12,13:30,310.08,13:30,1,2025-05-12 15:10:00,288.11,10,21.96999999999997,7.085268317853448,True
SPXW250512C05525000,2025-05-12,13:30,297.5,13:30,8,2025-05-12 15:39:00,282.2,2,15.300000000000011,5.142857142857147,True
SPXW250512C05530000,2025-05-12,13:30,300.69,13:30,10,2025-05-12 15:37:00,279.13,1,21.560000000000002,7.170175263560479,True
SPXW250512C05535000,2025-05-12,13:30,294.38,13:30,2,2025-05-12 15:37:00,274.08,1,20.30000000000001,6.8958489027787255,True
SPXW250512P05470000,2025-05-12,12:42,0.05,12:42,1,2025-05-12 15:12:00,0.03,1,0.020000000000000004,40.00000000000001,True
SPXW250512P05485000,2025-05-12,11:25,0.07,11:25,10,2025-05-12 16:00:00,0.05,7,0.020000000000000004,28.571428571428577,True
SPXW250512P05490000,2025-05-12,10:21,0.05,10:21,5,2025-05-12 15:57:00,0.05,4,0.0,0.0,False
SPXW250512P05495000,2025-05-12,12:12,0.05,12:12,15,2025-05-12 15:51:00,0.05,22,0.0,0.0,False
SPXW250512P05505000,2025-05-12,10:05,0.07,10:05,1,2025-05-12 15:57:00,0.05,1,0.020000000000000004,28.571428571428577,True
SPXW250512P05510000,2025-05-12,10:21,0.05,10:21,5,2025-05-12 15:49:00,0.08,3,-0.03,-60.0,False
SPXW250512P05520000,2025-05-12,11:32,0.1,11:32,4,2025-05-12 15:47:00,0.05,1,0.05,50.0,True
SPXW250512P05525000,2025-05-12,10:05,0.15,10:05,10,2025-05-12 15:36:00,0.05,10,0.09999999999999999,66.66666666666666,True
SPXW250512P05530000,2025-05-12,11:02,0.09,11:02,1,2025-05-12 15:49:00,0.06,6,0.03,33.33333333333333,True
SPXW250512P05535000,2025-05-12,10:21,0.1,10:21,5,2025-05-12 15:32:00,0.05,1,0.05,50.0,True
SPXW250512P05540000,2025-05-12,10:46,0.1,10:46,40,2025-05-12 15:38:00,0.05,1,0.05,50.0,True
SPXW250512P05545000,2025-05-12,11:02,0.14,11:02,1,2025-05-12 15:40:00,0.07,1,0.07,50.0,True
SPXW250514C05450000,2025-05-14,13:41,447.73,13:41,1,2025-05-14 15:05:00,424.1,1,23.629999999999995,5.2777343488263,True
SPXW250514C05460000,2025-05-14,13:40,439.4,13:40,1,2025-05-14 15:25:00,432.9,2,6.5,1.4792899408284024,True
SPXW250514C05500000,2025-05-14,11:19,395.92,11:19,1,2025-05-14 15:12:00,384.08,1,11.840000000000032,2.9905031319458555,True
SPXW250514C05510000,2025-05-14,13:38,391.3,13:38,2,2025-05-14 15:45:00,387.7,4,3.6000000000000227,0.9200102223358095,True
SPXW250514C05520000,2025-05-14,13:42,377.6,13:42,2,2025-05-14 15:45:00,377.7,2,-0.0999999999999659,-0.026483050847448595,False
SPXW250514P05460000,2025-05-14,13:40,0.04,13:40,1,2025-05-14 15:14:00,0.05,2,-0.010000000000000002,-25.000000000000007,False
SPXW250514P05525000,2025-05-14,13:37,0.03,13:37,35,2025-05-14 15:50:00,0.03,8,0.0,0.0,False
SPXW250514P05540000,2025-05-14,12:37,0.05,12:37,2,2025-05-14 15:43:00,0.03,1,0.020000000000000004,40.00000000000001,True
SPXW250514P05545000,2025-05-14,13:36,0.03,13:36,1,2025-05-14 15:08:00,0.05,5,-0.020000000000000004,-66.66666666666669,False
SPXW250514P05550000,2025-05-14,13:09,0.05,13:09,1,2025-05-14 15:29:00,0.03,5,0.020000000000000004,40.00000000000001,True
SPXW250516C05450000,2025-05-16,13:33,468.91,13:33,1,2025-05-16 15:29:00,472.43,5,-3.519999999999982,-0.7506771022157731,False
SPXW250516C05460000,2025-05-16,13:38,462.07,13:38,10,2025-05-16 15:30:00,467.35,5,-5.28000000000003,-1.1426840089164043,False
SPXW250516C05485000,2025-05-16,13:55,437.23,13:55,3,2025-05-16 15:59:00,439.47,1,-2.240000000000009,-0.512316172266315,False
SPXW250516C05500000,2025-05-16,13:36,419.72,13:36,13,2025-05-16 15:56:00,424.48,6,-4.759999999999991,-1.1340893929286169,False
SPXW250516C05550000,2025-05-16,13:51,372.1,13:51,2,2025-05-16 15:55:00,375.6,2,-3.5,-0.9406073636119323,False
SPXW250516P05450000,2025-05-16,13:32,0.05,13:32,1,2025-05-16 15:38:00,0.03,2,0.020000000000000004,40.00000000000001,True
SPXW250516P05550000,2025-05-16,13:30,0.05,13:30,1,2025-05-16 15:17:00,0.03,3,0.020000000000000004,40.00000000000001,True
SPXW250519C05520000,2025-05-19,13:36,385.89,13:36,7,2025-05-19 15:40:00,425.45,2,-39.56,-10.251626111067921,False
SPXW250519C05540000,2025-05-19,13:37,368.48,13:37,5,2025-05-19 15:40:00,404.8,2,-36.31999999999999,-9.856708640903166,False
SPXW250521C05510000,2025-05-21,13:44,401.8,13:44,2,2025-05-21 15:37:00,416.6,2,-14.800000000000011,-3.6834245893479367,False
SPXW250523C05480000,2025-05-23,13:53,299.0,13:53,1,2025-05-23 15:33:00,318.97,1,-19.970000000000027,-6.678929765886296,False
SPXW250523C05500000,2025-05-23,11:44,277.3,11:44,8,2025-05-23 15:47:00,301.9,2,-24.599999999999966,-8.871258564731326,False
SPXW250523C05510000,2025-05-23,13:33,274.0,13:33,2,2025-05-23 15:49:00,292.79,2,-18.79000000000002,-6.857664233576649,False
SPXW250523C05520000,2025-05-23,11:48,249.84,11:48,1,2025-05-23 15:46:00,279.53,1,-29.68999999999997,-11.883605507524804,False
SPXW250523C05550000,2025-05-23,11:44,227.8,11:44,8,2025-05-23 15:28:00,244.6,2,-16.799999999999983,-7.374890254609298,False
SPXW250523C05560000,2025-05-23,13:43,218.56,13:43,1,2025-05-23 15:51:00,238.1,2,-19.539999999999992,-8.940336749633964,False
SPXW250523C05565000,2025-05-23,11:49,204.0,11:49,2,2025-05-23 15:44:00,238.2,2,-34.19999999999999,-16.764705882352935,False
SPXW250523P05470000,2025-05-23,11:56,0.25,11:56,1,2025-05-23 15:55:00,0.05,20,0.2,80.0,True
SPXW250523P05475000,2025-05-23,11:54,0.2,11:54,1,2025-05-23 16:00:00,0.05,3,0.15000000000000002,75.00000000000001,True
SPXW250523P05480000,2025-05-23,11:44,0.3,11:44,10,2025-05-23 15:44:00,0.05,8,0.25,83.33333333333334,True
SPXW250523P05485000,2025-05-23,11:48,0.4,11:48,2,2025-05-23 15:44:00,0.05,2,0.35000000000000003,87.5,True
SPXW250523P05490000,2025-05-23,11:47,0.4,11:47,1,2025-05-23 15:53:00,0.05,1,0.35000000000000003,87.5,True
SPXW250523P05515000,2025-05-23,11:46,0.42,11:46,10,2025-05-23 15:31:00,0.07,1,0.35,83.33333333333333,True
SPXW250523P05520000,2025-05-23,11:48,0.4,11:48,23,2025-05-23 15:50:00,0.05,15,0.35000000000000003,87.5,True
SPXW250523P05530000,2025-05-23,11:49,0.9,11:49,10,2025-05-23 15:56:00,0.1,5,0.8,88.8888888888889,True
SPXW250523P05535000,2025-05-23,11:44,0.1,11:44,20,2025-05-23 15:52:00,0.07,1,0.03,30.0,True
SPXW250523P05540000,2025-05-23,11:44,0.1,11:44,20,2025-05-23 15:31:00,0.15,2,-0.04999999999999999,-49.999999999999986,False
SPXW250523P05545000,2025-05-23,11:23,0.05,11:23,110,2025-05-23 15:55:00,0.1,1,-0.05,-100.0,False
SPXW250523P05550000,2025-05-23,11:22,0.05,11:22,169,2025-05-23 15:58:00,0.1,5,-0.05,-100.0,False
SPXW250523P05555000,2025-05-23,11:46,1.5,11:46,1,2025-05-23 15:51:00,0.1,2,1.4,93.33333333333333,True
SPXW250523P05560000,2025-05-23,11:22,0.05,11:22,59,2025-05-23 16:00:00,0.1,16,-0.05,-100.0,False
SPXW250523P05565000,2025-05-23,11:45,1.3,11:45,1,2025-05-23 15:50:00,0.12,1,1.1800000000000002,90.76923076923077,True
SPXW250528C05500000,2025-05-28,13:44,436.0,13:44,2,2025-05-28 15:43:00,404.4,2,31.600000000000023,7.247706422018354,True
SPXW250530C05550000,2025-05-30,13:38,340.14,13:38,5,2025-05-30 15:07:00,347.44,1,-7.300000000000011,-2.1461751043687927,False
SPXW250530C05580000,2025-05-30,13:51,297.7,13:51,1,2025-05-30 15:56:00,316.01,1,-18.310000000000002,-6.150487067517636,False
SPXW250530P05480000,2025-05-30,13:32,0.03,13:32,1,2025-05-30 15:20:00,0.05,25,-0.020000000000000004,-66.66666666666669,False
SPXW250530P05510000,2025-05-30,10:51,0.05,10:51,25,2025-05-30 15:39:00,0.03,9,0.020000000000000004,40.00000000000001,True
SPXW250530P05525000,2025-05-30,12:12,0.05,12:12,51,2025-05-30 15:05:00,0.05,1,0.0,0.0,False
SPXW250530P05540000,2025-05-30,12:25,0.05,12:25,31,2025-05-30 15:06:00,0.03,4,0.020000000000000004,40.00000000000001,True
SPXW250530P05560000,2025-05-30,12:22,0.05,12:22,16,2025-05-30 15:38:00,0.03,10,0.020000000000000004,40.00000000000001,True
SPXW250602C05525000,2025-06-02,13:30,366.8,13:30,1,2025-06-02 15:50:00,377.46,1,-10.659999999999968,-2.9062159214830885,False
SPXW250602P05575000,2025-06-02,13:30,0.05,13:30,2,2025-06-02 15:16:00,0.03,2,0.020000000000000004,40.00000000000001,True
SPXW250606C05500000,2025-06-06,13:50,512.87,13:50,2,2025-06-06 15:44:00,494.59,1,18.28000000000003,3.564256049291249,True
SPXW250606C05575000,2025-06-06,13:47,439.81,13:47,5,2025-06-06 15:46:00,419.33,1,20.480000000000018,4.656556240194633,True
SPXW250606P05575000,2025-06-06,13:18,0.03,13:18,4,2025-06-06 15:18:00,0.05,2,-0.020000000000000004,-66.66666666666669,False
SPXW250609P05550000,2025-06-09,13:30,0.05,13:30,9,2025-06-09 15:28:00,0.03,3,0.020000000000000004,40.00000000000001,True
SPXW250613P05580000,2025-06-13,12:55,0.05,12:55,61,2025-06-13 15:07:00,0.05,122,0.0,0.0,False
SPXW250613P05585000,2025-06-13,12:29,0.05,12:29,122,2025-06-13 15:07:00,0.05,120,0.0,0.0,False
SPXW250613P05590000,2025-06-13,10:25,0.1,10:25,1,2025-06-13 15:13:00,0.05,5,0.05,50.0,True
SPXW250613P05595000,2025-06-13,13:30,0.05,13:30,2,2025-06-13 15:46:00,0.05,1,0.0,0.0,False
SPXW250613P05600000,2025-06-13,10:02,0.1,10:02,1,2025-06-13 15:30:00,0.05,5,0.05,50.0,True
SPXW250613P05605000,2025-06-13,13:30,0.03,13:30,27,2025-06-13 15:53:00,0.05,40,-0.020000000000000004,-66.66666666666669,False
SPXW250613P05610000,2025-06-13,13:30,0.05,13:30,15,2025-06-13 15:53:00,0.05,14,0.0,0.0,False
SPXW250616P05530000,2025-06-16,13:45,0.05,13:45,4,2025-06-16 15:56:00,0.05,85,0.0,0.0,False
SPXW250616P05540000,2025-06-16,13:30,0.03,13:30,1,2025-06-16 16:00:00,0.05,1,-0.020000000000000004,-66.66666666666669,False
SPXW250616P05550000,2025-06-16,13:30,0.05,13:30,45,2025-06-16 16:00:00,0.05,1,0.0,0.0,False
SPXW250616P05590000,2025-06-16,10:52,0.05,10:52,4,2025-06-16 16:00:00,0.05,1,0.0,0.0,False
SPXW250616P05600000,2025-06-16,11:51,0.05,11:51,25,2025-06-16 15:56:00,0.05,1,0.0,0.0,False
SPXW250618P05525000,2025-06-18,13:34,0.05,13:34,2,2025-06-18 16:00:00,0.05,4,0.0,0.0,False
SPXW250618P05540000,2025-06-18,13:31,0.05,13:31,4,2025-06-18 15:45:00,0.05,3,0.0,0.0,False
SPXW250618P05550000,2025-06-18,13:31,0.05,13:31,4,2025-06-18 15:58:00,0.05,9,0.0,0.0,False
SPXW250618P05570000,2025-06-18,13:31,0.05,13:31,5,2025-06-18 15:45:00,0.05,1,0.0,0.0,False
SPXW250618P05580000,2025-06-18,13:36,0.03,13:36,1,2025-06-18 15:18:00,0.05,80,-0.020000000000000004,-66.66666666666669,False
SPXW250618P05590000,2025-06-18,10:09,0.05,10:09,10,2025-06-18 15:39:00,0.07,6,-0.020000000000000004,-40.00000000000001,False
SPXW250618P05600000,2025-06-18,12:43,0.05,12:43,50,2025-06-18 15:27:00,0.05,1,0.0,0.0,False
SPXW250618P05610000,2025-06-18,11:14,0.05,11:14,25,2025-06-18 15:04:00,0.05,10,0.0,0.0,False
SPXW250618P05620000,2025-06-18,13:30,0.05,13:30,17,2025-06-18 15:44:00,0.05,8,0.0,0.0,False
SPXW250620C05580000,2025-06-20,13:41,436.11,13:41,1,2025-06-20 15:36:00,401.93,4,34.18000000000001,7.837472197381396,True
SPXW250620C05600000,2025-06-20,13:30,406.91,13:30,1,2025-06-20 15:45:00,385.51,13,21.400000000000034,5.259148214592916,True
SPXW250620C05620000,2025-06-20,13:37,389.59,13:37,1,2025-06-20 15:35:00,361.6,4,27.989999999999952,7.184475987576672,True
SPXW250620P05530000,2025-06-20,13:30,0.03,13:30,1,2025-06-20 15:13:00,0.05,10,-0.020000000000000004,-66.66666666666669,False
SPXW250620P05550000,2025-06-20,13:30,0.05,13:30,46,2025-06-20 15:20:00,0.03,12,0.020000000000000004,40.00000000000001,True
SPXW250620P05555000,2025-06-20,13:30,0.03,13:30,16,2025-06-20 15:13:00,0.05,5,-0.020000000000000004,-66.66666666666669,False
SPXW250620P05570000,2025-06-20,13:30,0.05,13:30,10,2025-06-20 15:18:00,0.05,2,0.0,0.0,False
SPXW250620P05575000,2025-06-20,13:30,0.04,13:30,9,2025-06-20 15:13:00,0.05,3,-0.010000000000000002,-25.000000000000007,False
SPXW250620P05585000,2025-06-20,13:33,0.05,13:33,1,2025-06-20 15:56:00,0.05,10,0.0,0.0,False
SPXW250620P05590000,2025-06-20,13:57,0.05,13:57,301,2025-06-20 15:58:00,0.03,2,0.020000000000000004,40.00000000000001,True
SPXW250620P05595000,2025-06-20,13:30,0.1,13:30,1,2025-06-20 15:58:00,0.05,1,0.05,50.0,True
SPXW250620P05600000,2025-06-20,12:17,0.05,12:17,5,2025-06-20 16:00:00,0.03,5,0.020000000000000004,40.00000000000001,True
SPXW250620P05605000,2025-06-20,13:30,0.05,13:30,101,2025-06-20 15:50:00,0.05,4,0.0,0.0,False
SPXW250620P05610000,2025-06-20,13:19,0.05,13:19,23,2025-06-20 15:50:00,0.05,2,0.0,0.0,False
SPXW250620P05615000,2025-06-20,13:12,0.05,13:12,61,2025-06-20 15:50:00,0.05,2,0.0,0.0,False
SPXW250620P05620000,2025-06-20,13:00,0.05,13:00,21,2025-06-20 15:50:00,0.05,5,0.0,0.0,False
SPXW250623P05550000,2025-06-23,13:30,0.05,13:30,5,2025-06-23 16:00:00,0.07,5,-0.020000000000000004,-40.00000000000001,False
SPXW250623P05560000,2025-06-23,13:34,0.03,13:34,1,2025-06-23 16:00:00,0.05,5,-0.020000000000000004,-66.66666666666669,False
SPXW250623P05570000,2025-06-23,13:32,0.03,13:32,8,2025-06-23 16:00:00,0.05,26,-0.020000000000000004,-66.66666666666669,False
SPXW250623P05575000,2025-06-23,12:49,0.03,12:49,3,2025-06-23 15:56:00,0.05,3,-0.020000000000000004,-66.66666666666669,False
SPXW250623P05590000,2025-06-23,13:30,0.05,13:30,25,2025-06-23 15:56:00,0.05,2,0.0,0.0,False
SPXW250623P05600000,2025-06-23,13:30,0.05,13:30,16,2025-06-23 15:58:00,0.07,1,-0.020000000000000004,-40.00000000000001,False
SPXW250623P05610000,2025-06-23,11:00,0.03,11:00,2,2025-06-23 15:01:00,0.1,71,-0.07,-233.33333333333334,False
SPXW250623P05620000,2025-06-23,13:30,0.05,13:30,5,2025-06-23 15:02:00,0.15,136,-0.09999999999999999,-199.99999999999997,False
SPXW250623P05625000,2025-06-23,12:52,0.03,12:52,4,2025-06-23 15:33:00,0.05,1,-0.020000000000000004,-66.66666666666669,False
SPXW250623P05630000,2025-06-23,13:30,0.05,13:30,3,2025-06-23 15:06:00,0.1,100,-0.05,-100.0,False
SPXW250716C05600000,2025-07-16,12:34,653.4,12:34,4,2025-07-16 15:37:00,606.85,3,46.549999999999955,7.124273033363935,True
SPXW250716C05625000,2025-07-16,12:34,628.4,12:34,4,2025-07-16 15:04:00,623.7,1,4.699999999999932,0.7479312539783469,True
SPXW250716P05675000,2025-07-16,13:30,0.05,13:30,1,2025-07-16 15:49:00,0.05,20,0.0,0.0,False
SPXW250822C05675000,2025-08-22,13:48,732.42,13:48,6,2025-08-22 15:13:00,795.73,20,-63.31000000000006,-8.643947461838843,False
SPXW251017C05850000,2025-10-17,13:30,769.3,13:30,1,2025-10-17 15:25:00,758.39,1,10.909999999999968,1.4181723644871922,True
SPXW251121P05830000,2025-11-21,11:26,0.1,11:26,1,2025-11-21 15:08:00,0.05,19,0.05,50.0,True
SPXW251121P05880000,2025-11-21,12:30,0.1,12:30,11,2025-11-21 15:29:00,0.05,1,0.05,50.0,True
SPXW251121P05925000,2025-11-21,12:28,0.15,12:28,10,2025-11-21 15:59:00,0.05,2,0.09999999999999999,66.66666666666666,True
